-- MySQL dump 10.13  Distrib 5.1.73, for redhat-linux-gnu (x86_64)
--
-- Host: localhost    Database: webmenu
-- ------------------------------------------------------
-- Server version	5.1.73

/*!40101 SET @OLD_CHARACTER_SET_CLIENT=@@CHARACTER_SET_CLIENT */;
/*!40101 SET @OLD_CHARACTER_SET_RESULTS=@@CHARACTER_SET_RESULTS */;
/*!40101 SET @OLD_COLLATION_CONNECTION=@@COLLATION_CONNECTION */;
/*!40101 SET NAMES utf8 */;
/*!40103 SET @OLD_TIME_ZONE=@@TIME_ZONE */;
/*!40103 SET TIME_ZONE='+00:00' */;
/*!40014 SET @OLD_UNIQUE_CHECKS=@@UNIQUE_CHECKS, UNIQUE_CHECKS=0 */;
/*!40014 SET @OLD_FOREIGN_KEY_CHECKS=@@FOREIGN_KEY_CHECKS, FOREIGN_KEY_CHECKS=0 */;
/*!40101 SET @OLD_SQL_MODE=@@SQL_MODE, SQL_MODE='NO_AUTO_VALUE_ON_ZERO' */;
/*!40111 SET @OLD_SQL_NOTES=@@SQL_NOTES, SQL_NOTES=0 */;

--
-- Table structure for table `dish`
--

DROP TABLE IF EXISTS `dish`;
/*!40101 SET @saved_cs_client     = @@character_set_client */;
/*!40101 SET character_set_client = utf8 */;
CREATE TABLE `dish` (
  `Name` varchar(50) NOT NULL,
  `Price` float NOT NULL,
  `Outcome` float NOT NULL,
  `Factor` float NOT NULL,
  `Ingredients` text NOT NULL,
  `Emounts` text NOT NULL,
  `OutEmounts` text NOT NULL,
  `Notes` text NOT NULL,
  `Type` text NOT NULL,
  UNIQUE KEY `Name` (`Name`)
) ENGINE=InnoDB DEFAULT CHARSET=utf8;
/*!40101 SET character_set_client = @saved_cs_client */;

--
-- Dumping data for table `dish`
--

LOCK TABLES `dish` WRITE;
/*!40000 ALTER TABLE `dish` DISABLE KEYS */;
INSERT INTO `dish` VALUES ('Їжачки печінкові',38,160,0.33,'a:11:{i:0;s:27:\"печінка індича\";i:1;s:12:\"цибуля\";i:2;s:12:\"часник\";i:3;s:10:\"масло\";i:4;s:14:\"майонез\";i:5;s:27:\"горіх грецький\";i:6;s:8:\"олія\";i:7;s:25:\"чорний перець\";i:8;s:8:\"сіль\";i:9;s:12:\"спеції\";i:10;s:12:\"зелень\";}','a:11:{i:0;s:3:\"175\";i:1;s:2:\"24\";i:2;s:1:\"3\";i:3;s:2:\"22\";i:4;s:2:\"11\";i:5;s:2:\"22\";i:6;s:2:\"22\";i:7;s:1:\"2\";i:8;s:1:\"2\";i:9;s:1:\"2\";i:10;s:1:\"3\";}','a:11:{i:0;s:3:\"100\";i:1;s:2:\"10\";i:2;s:1:\"2\";i:3;s:2:\"20\";i:4;s:2:\"10\";i:5;s:2:\"20\";i:6;s:2:\"10\";i:7;s:1:\"1\";i:8;s:1:\"1\";i:9;s:1:\"1\";i:10;s:1:\"2\";}','','Бенкетні страви'),('Асорті овочеве',42,250,-0.2,'a:4:{i:0;s:14:\"помідор\";i:1;s:12:\"огірок\";i:2;s:35:\"перець болгарський\";i:3;s:12:\"зелень\";}','a:4:{i:0;s:3:\"110\";i:1;s:3:\"110\";i:2;s:2:\"70\";i:3;s:2:\"10\";}','a:4:{i:0;s:3:\"100\";i:1;s:2:\"90\";i:2;s:2:\"60\";i:3;s:1:\"8\";}','','Холодні закуски'),('Баклажани Вежа',55,220,2.15,'a:11:{i:0;s:16:\"баклажан\";i:1;s:14:\"кабачок\";i:2;s:14:\"помідор\";i:3;s:8:\"фета\";i:4;s:14:\"майонез\";i:5;s:12:\"часник\";i:6;s:12:\"спеції\";i:7;s:25:\"чорний перець\";i:8;s:8:\"сіль\";i:9;s:12:\"зелень\";i:10;s:8:\"олія\";}','a:11:{i:0;s:2:\"85\";i:1;s:2:\"70\";i:2;s:2:\"55\";i:3;s:2:\"44\";i:4;s:2:\"22\";i:5;s:1:\"6\";i:6;s:1:\"3\";i:7;s:1:\"2\";i:8;s:1:\"2\";i:9;s:1:\"3\";i:10;s:2:\"15\";}','a:11:{i:0;s:2:\"60\";i:1;s:2:\"50\";i:2;s:2:\"40\";i:3;s:2:\"40\";i:4;s:2:\"20\";i:5;s:1:\"3\";i:6;s:1:\"1\";i:7;s:1:\"1\";i:8;s:1:\"1\";i:9;s:1:\"2\";i:10;s:2:\"10\";}','','Бенкетні страви'),('Банош з шкварками і цибулею',50,350,0,'a:3:{i:0;s:10:\"банош\";i:1;s:12:\"цибуля\";i:2;s:8:\"сало\";}','a:3:{i:0;s:1:\"1\";i:1;s:3:\"100\";i:2;s:3:\"100\";}','a:3:{i:0;s:1:\"1\";i:1;s:2:\"50\";i:2;s:2:\"20\";}','','Основні страви'),('Банош класичний',38.9,315,0,'a:5:{i:0;s:31:\"каша кукурудзяна\";i:1;s:12:\"вершки\";i:2;s:12:\"молоко\";i:3;s:10:\"масло\";i:4;s:12:\"бринза\";}','a:5:{i:0;s:3:\"100\";i:1;s:2:\"60\";i:2;s:3:\"110\";i:3;s:2:\"22\";i:4;s:2:\"50\";}','a:5:{i:0;s:3:\"100\";i:1;s:2:\"50\";i:2;s:3:\"100\";i:3;s:2:\"20\";i:4;s:2:\"45\";}','','Домашні страви'),('Бедро гриль',43.7,231,0,'a:7:{i:0;s:23:\"бедро куряче\";i:1;s:8:\"олія\";i:2;s:14:\"майонез\";i:3;s:21:\"соус соєвий\";i:4;s:12:\"спеції\";i:5;s:25:\"чорний перець\";i:6;s:12:\"кетчуп\";}','a:7:{i:0;s:3:\"230\";i:1;s:2:\"11\";i:2;s:2:\"11\";i:3;s:1:\"6\";i:4;s:1:\"6\";i:5;s:1:\"2\";i:6;s:2:\"22\";}','a:7:{i:0;s:3:\"180\";i:1;s:2:\"10\";i:2;s:2:\"10\";i:3;s:1:\"5\";i:4;s:1:\"5\";i:5;s:1:\"1\";i:6;s:2:\"20\";}','','Бенкетні страви'),('Борщ 10п',230,2065,4.295,'a:17:{i:0;s:10:\"буряк\";i:1;s:14:\"капуста\";i:2;s:16:\"картопля\";i:3;s:12:\"морква\";i:4;s:29:\"корінь петрушки\";i:5;s:12:\"цибуля\";i:6;s:25:\"томатна паста\";i:7;s:8:\"олія\";i:8;s:25:\"курячий набір\";i:9;s:10:\"цукор\";i:10;s:25:\"лавровий лист\";i:11;s:29:\"перець духмяний\";i:12;s:25:\"чорний перець\";i:13;s:14:\"кухарик\";i:14;s:14:\"сметана\";i:15;s:8:\"сіль\";i:16;s:12:\"зелень\";}','a:17:{i:0;s:3:\"580\";i:1;s:3:\"380\";i:2;s:3:\"580\";i:3;s:3:\"200\";i:4;s:2:\"55\";i:5;s:3:\"200\";i:6;s:3:\"105\";i:7;s:2:\"55\";i:8;s:3:\"750\";i:9;s:2:\"11\";i:10;s:1:\"3\";i:11;s:2:\"33\";i:12;s:2:\"10\";i:13;s:2:\"22\";i:14;s:3:\"220\";i:15;s:2:\"11\";i:16;s:2:\"28\";}','a:17:{i:0;s:3:\"400\";i:1;s:3:\"300\";i:2;s:3:\"400\";i:3;s:3:\"150\";i:4;s:2:\"50\";i:5;s:3:\"100\";i:6;s:3:\"100\";i:7;s:2:\"50\";i:8;s:3:\"250\";i:9;s:2:\"10\";i:10;s:1:\"0\";i:11;s:1:\"0\";i:12;s:1:\"5\";i:13;s:2:\"20\";i:14;s:3:\"200\";i:15;s:2:\"10\";i:16;s:2:\"20\";}','','Перші страви'),('Борщок 10п',270,1695,0.025,'a:11:{i:0;s:45:\"курячий набір на бульйон\";i:1;s:10:\"буряк\";i:2;s:19:\"сік лимона\";i:3;s:12:\"вершки\";i:4;s:10:\"цукор\";i:5;s:12:\"цибуля\";i:6;s:12:\"спеції\";i:7;s:8:\"олія\";i:8;s:8:\"сіль\";i:9;s:25:\"чорний перець\";i:10;s:12:\"зелень\";}','a:11:{i:0;s:3:\"500\";i:1;s:3:\"450\";i:2;s:3:\"100\";i:3;s:3:\"650\";i:4;s:2:\"11\";i:5;s:3:\"120\";i:6;s:2:\"22\";i:7;s:2:\"22\";i:8;s:2:\"11\";i:9;s:1:\"5\";i:10;s:2:\"30\";}','a:11:{i:0;s:3:\"450\";i:1;s:3:\"400\";i:2;s:3:\"100\";i:3;s:3:\"600\";i:4;s:2:\"10\";i:5;s:2:\"60\";i:6;s:2:\"20\";i:7;s:2:\"20\";i:8;s:2:\"10\";i:9;s:1:\"5\";i:10;s:2:\"20\";}','','Бенкетні страви'),('Бульйон на 10п',256.59,1026,0,'a:12:{i:0;s:23:\"лапка куряча\";i:1;s:12:\"морква\";i:2;s:29:\"корінь петрушки\";i:3;s:12:\"цибуля\";i:4;s:25:\"корінь селери\";i:5;s:25:\"лавровий лист\";i:6;s:14:\"кухарик\";i:7;s:25:\"чорний перець\";i:8;s:29:\"перець духмяний\";i:9;s:8:\"сіль\";i:10;s:12:\"зелень\";i:11;s:34:\"макарон на бульйон\";}','a:12:{i:0;s:4:\"1500\";i:1;s:3:\"130\";i:2;s:3:\"110\";i:3;s:2:\"60\";i:4;s:2:\"60\";i:5;s:1:\"3\";i:6;s:2:\"22\";i:7;s:2:\"11\";i:8;s:1:\"3\";i:9;s:2:\"11\";i:10;s:2:\"25\";i:11;s:3:\"200\";}','a:12:{i:0;s:3:\"400\";i:1;s:3:\"100\";i:2;s:2:\"80\";i:3;s:2:\"40\";i:4;s:2:\"40\";i:5;s:1:\"3\";i:6;s:2:\"20\";i:7;s:2:\"10\";i:8;s:1:\"3\";i:9;s:2:\"10\";i:10;s:2:\"20\";i:11;s:3:\"300\";}','','Перші страви'),('Відбивна з індичої печінки',35,150,0.59,'a:9:{i:0;s:27:\"печінка індича\";i:1;s:8:\"олія\";i:2;s:8:\"яйце\";i:3;s:8:\"мука\";i:4;s:12:\"цибуля\";i:5;s:12:\"спеції\";i:6;s:8:\"сіль\";i:7;s:25:\"чорний перець\";i:8;s:12:\"зелень\";}','a:9:{i:0;s:3:\"177\";i:1;s:2:\"44\";i:2;s:1:\"1\";i:3;s:2:\"11\";i:4;s:2:\"72\";i:5;s:1:\"2\";i:6;s:1:\"2\";i:7;s:1:\"2\";i:8;s:1:\"3\";}','a:9:{i:0;s:3:\"100\";i:1;s:2:\"20\";i:2;s:2:\"40\";i:3;s:2:\"10\";i:4;s:2:\"30\";i:5;s:1:\"1\";i:6;s:1:\"1\";i:7;s:1:\"1\";i:8;s:1:\"2\";}','','Гарячі закуски'),('Відбивна куряча',31.79,100,0,'a:7:{i:0;s:8:\"мука\";i:1;s:21:\"філе куряче\";i:2;s:8:\"яйце\";i:3;s:8:\"сіль\";i:4;s:12:\"спеції\";i:5;s:8:\"олія\";i:6;s:12:\"зелень\";}','a:7:{i:0;s:2:\"11\";i:1;s:3:\"135\";i:2;s:3:\"0.5\";i:3;s:1:\"2\";i:4;s:1:\"2\";i:5;s:2:\"22\";i:6;s:1:\"3\";}','a:7:{i:0;s:1:\"6\";i:1;s:3:\"100\";i:2;s:3:\"0.3\";i:3;s:3:\"1.2\";i:4;s:3:\"1.2\";i:5;s:2:\"15\";i:6;s:1:\"2\";}','','Страви з курки'),('Відбивна куряча в сирі',42,120,0.3,'a:9:{i:0;s:21:\"філе куряче\";i:1;s:8:\"яйце\";i:2;s:6:\"сир\";i:3;s:12:\"спеції\";i:4;s:8:\"мука\";i:5;s:8:\"олія\";i:6;s:25:\"чорний перець\";i:7;s:8:\"сіль\";i:8;s:12:\"зелень\";}','a:9:{i:0;s:3:\"120\";i:1;s:1:\"1\";i:2;s:2:\"33\";i:3;s:1:\"2\";i:4;s:2:\"11\";i:5;s:2:\"22\";i:6;s:1:\"2\";i:7;s:1:\"2\";i:8;s:1:\"3\";}','a:9:{i:0;s:2:\"90\";i:1;s:2:\"40\";i:2;s:2:\"30\";i:3;s:1:\"1\";i:4;s:2:\"10\";i:5;s:2:\"20\";i:6;s:1:\"1\";i:7;s:1:\"1\";i:8;s:1:\"2\";}','','Страви з курки'),('Відбивна куряча з ананасом',40.73,191,0,'a:10:{i:0;s:21:\"філе куряче\";i:1;s:21:\"ананас конс\";i:2;s:6:\"сир\";i:3;s:8:\"яйце\";i:4;s:14:\"майонез\";i:5;s:8:\"мука\";i:6;s:8:\"олія\";i:7;s:8:\"сіль\";i:8;s:12:\"спеції\";i:9;s:25:\"чорний перець\";}','a:10:{i:0;s:3:\"120\";i:1;s:2:\"22\";i:2;s:2:\"22\";i:3;s:3:\"0.5\";i:4;s:2:\"10\";i:5;s:2:\"11\";i:6;s:2:\"22\";i:7;s:1:\"2\";i:8;s:1:\"2\";i:9;s:1:\"2\";}','a:10:{i:0;s:2:\"90\";i:1;s:2:\"20\";i:2;s:2:\"20\";i:3;s:2:\"20\";i:4;s:1:\"8\";i:5;s:2:\"10\";i:6;s:2:\"20\";i:7;s:1:\"1\";i:8;s:1:\"1\";i:9;s:1:\"1\";}','','Страви з курки'),('Відбивна по-французки',43.1,200,0,'a:12:{i:0;s:21:\"філе куряче\";i:1;s:8:\"яйце\";i:2;s:16:\"печериці\";i:3;s:14:\"помідор\";i:4;s:6:\"сир\";i:5;s:14:\"майонез\";i:6;s:8:\"олія\";i:7;s:8:\"мука\";i:8;s:8:\"сіль\";i:9;s:25:\"чорний перець\";i:10;s:12:\"спеції\";i:11;s:12:\"зелень\";}','a:12:{i:0;s:3:\"100\";i:1;s:3:\"0.5\";i:2;s:2:\"40\";i:3;s:2:\"48\";i:4;s:2:\"22\";i:5;s:2:\"11\";i:6;s:2:\"22\";i:7;s:2:\"11\";i:8;s:1:\"2\";i:9;s:1:\"2\";i:10;s:1:\"2\";i:11;s:1:\"3\";}','a:12:{i:0;s:2:\"80\";i:1;s:2:\"20\";i:2;s:2:\"20\";i:3;s:2:\"40\";i:4;s:2:\"20\";i:5;s:2:\"10\";i:6;s:2:\"20\";i:7;s:2:\"10\";i:8;s:1:\"1\";i:9;s:1:\"1\";i:10;s:1:\"1\";i:11;s:1:\"1\";}','','Страви з курки'),('Відбивна свинна',47.43,166,0,'a:9:{i:0;s:31:\"полядвиця свинна\";i:1;s:8:\"яйце\";i:2;s:8:\"олія\";i:3;s:8:\"мука\";i:4;s:8:\"сіль\";i:5;s:12:\"спеції\";i:6;s:25:\"чорний перець\";i:7;s:12:\"зелень\";i:8;s:8:\"олія\";}','a:9:{i:0;s:3:\"120\";i:1;s:3:\"0.5\";i:2;s:2:\"22\";i:3;s:2:\"11\";i:4;s:1:\"2\";i:5;s:1:\"3\";i:6;s:1:\"2\";i:7;s:1:\"3\";i:8;s:2:\"22\";}','a:9:{i:0;s:3:\"100\";i:1;s:2:\"20\";i:2;s:2:\"20\";i:3;s:2:\"10\";i:4;s:1:\"1\";i:5;s:1:\"2\";i:6;s:1:\"1\";i:7;s:1:\"2\";i:8;s:2:\"10\";}','','Страви з свинини'),('Відбивна свинна з грибами',53.78,140,0,'a:9:{i:0;s:31:\"полядвиця свинна\";i:1;s:16:\"печериці\";i:2;s:6:\"сир\";i:3;s:8:\"яйце\";i:4;s:25:\"чорний перець\";i:5;s:8:\"сіль\";i:6;s:12:\"зелень\";i:7;s:12:\"зелень\";i:8;s:8:\"олія\";}','a:9:{i:0;s:3:\"120\";i:1;s:2:\"40\";i:2;s:2:\"22\";i:3;s:3:\"0.5\";i:4;s:1:\"2\";i:5;s:1:\"2\";i:6;s:1:\"3\";i:7;s:1:\"3\";i:8;s:2:\"22\";}','a:9:{i:0;s:2:\"80\";i:1;s:2:\"20\";i:2;s:2:\"20\";i:3;s:2:\"20\";i:4;s:1:\"1\";i:5;s:1:\"1\";i:6;s:1:\"2\";i:7;s:1:\"2\";i:8;s:2:\"10\";}','','Страви з свинини'),('Вареники з картоплею',26,295,0.62,'a:5:{i:0;s:32:\"тісто на вареники\";i:1;s:31:\"фарш картопляний\";i:2;s:8:\"мука\";i:3;s:40:\"заправка до вареників\";i:4;s:14:\"сметана\";}','a:5:{i:0;s:3:\"110\";i:1;s:3:\"115\";i:2;s:2:\"11\";i:3;s:2:\"30\";i:4;s:2:\"55\";}','a:5:{i:0;s:3:\"110\";i:1;s:3:\"100\";i:2;s:2:\"10\";i:3;s:2:\"25\";i:4;s:2:\"50\";}','','Домашні страви'),('Гаряча сковорідка',66.17,392,0,'a:10:{i:0;s:16:\"картопля\";i:1;s:12:\"цибуля\";i:2;s:8:\"олія\";i:3;s:12:\"часник\";i:4;s:12:\"спеції\";i:5;s:33:\"сосиски баварські\";i:6;s:8:\"яйце\";i:7;s:14:\"майонез\";i:8;s:14:\"сметана\";i:9;s:12:\"зелень\";}','a:10:{i:0;s:3:\"420\";i:1;s:2:\"48\";i:2;s:2:\"25\";i:3;s:1:\"7\";i:4;s:1:\"7\";i:5;s:3:\"100\";i:6;s:1:\"1\";i:7;s:2:\"30\";i:8;s:2:\"30\";i:9;s:2:\"10\";}','a:10:{i:0;s:3:\"180\";i:1;s:2:\"20\";i:2;s:2:\"10\";i:3;s:1:\"5\";i:4;s:1:\"5\";i:5;s:2:\"75\";i:6;s:2:\"40\";i:7;s:2:\"25\";i:8;s:2:\"25\";i:9;s:1:\"7\";}','','Домашні страви'),('Голубці з картоплею',36.94,373,0,'a:13:{i:0;s:14:\"капуста\";i:1;s:16:\"картопля\";i:2;s:12:\"гречка\";i:3;s:8:\"яйце\";i:4;s:12:\"часник\";i:5;s:8:\"олія\";i:6;s:12:\"цибуля\";i:7;s:12:\"спеції\";i:8;s:14:\"сметана\";i:9;s:25:\"чорний перець\";i:10;s:8:\"сіль\";i:11;s:12:\"зелень\";i:12;s:8:\"сало\";}','a:13:{i:0;s:3:\"190\";i:1;s:3:\"163\";i:2;s:2:\"11\";i:3;s:3:\"0.5\";i:4;s:1:\"3\";i:5;s:2:\"11\";i:6;s:2:\"75\";i:7;s:1:\"6\";i:8;s:2:\"55\";i:9;s:1:\"3\";i:10;s:1:\"3\";i:11;s:1:\"3\";i:12;s:2:\"33\";}','a:13:{i:0;s:3:\"100\";i:1;s:3:\"105\";i:2;s:2:\"20\";i:3;s:2:\"20\";i:4;s:1:\"2\";i:5;s:2:\"10\";i:6;s:2:\"40\";i:7;s:1:\"5\";i:8;s:2:\"50\";i:9;s:1:\"2\";i:10;s:1:\"2\";i:11;s:1:\"2\";i:12;s:2:\"15\";}','','Бенкетні страви'),('Голубці з мясом',47,256,17.08,'a:12:{i:0;s:14:\"капуста\";i:1;s:8:\"фарш\";i:2;s:6:\"рис\";i:3;s:12:\"цибуля\";i:4;s:8:\"яйце\";i:5;s:12:\"часник\";i:6;s:12:\"морква\";i:7;s:8:\"олія\";i:8;s:12:\"спеції\";i:9;s:8:\"сіль\";i:10;s:25:\"чорний перець\";i:11;s:12:\"зелень\";}','a:12:{i:0;s:3:\"150\";i:1;s:2:\"50\";i:2;s:2:\"20\";i:3;s:2:\"45\";i:4;s:3:\"0.5\";i:5;s:1:\"3\";i:6;s:2:\"15\";i:7;s:2:\"11\";i:8;s:1:\"5\";i:9;s:1:\"3\";i:10;s:1:\"3\";i:11;s:1:\"3\";}','a:12:{i:0;s:3:\"100\";i:1;s:2:\"35\";i:2;s:2:\"50\";i:3;s:2:\"20\";i:4;s:2:\"20\";i:5;s:1:\"2\";i:6;s:2:\"10\";i:7;s:2:\"10\";i:8;s:1:\"3\";i:9;s:1:\"2\";i:10;s:1:\"2\";i:11;s:1:\"2\";}','','Бенкетні страви'),('Гомілка в слойці',40,220,1.475,'a:10:{i:0;s:27:\"гомілка куряча\";i:1;s:27:\"тісто листкове\";i:2;s:12:\"кунжут\";i:3;s:8:\"яйце\";i:4;s:8:\"олія\";i:5;s:14:\"майонез\";i:6;s:21:\"соус соєвий\";i:7;s:12:\"спеції\";i:8;s:8:\"сіль\";i:9;s:25:\"чорний перець\";}','a:10:{i:0;s:3:\"170\";i:1;s:2:\"65\";i:2;s:1:\"3\";i:3;s:4:\"0.25\";i:4;s:2:\"10\";i:5;s:2:\"11\";i:6;s:1:\"6\";i:7;s:1:\"6\";i:8;s:1:\"2\";i:9;s:1:\"2\";}','a:10:{i:0;s:3:\"150\";i:1;s:2:\"30\";i:2;s:1:\"2\";i:3;s:2:\"10\";i:4;s:1:\"8\";i:5;s:2:\"10\";i:6;s:1:\"5\";i:7;s:1:\"3\";i:8;s:1:\"1\";i:9;s:1:\"1\";}','','Бенкетні страви'),('Гомілка гриль',31,201,0.2,'a:7:{i:0;s:27:\"гомілка куряча\";i:1;s:21:\"соус соєвий\";i:2;s:8:\"олія\";i:3;s:14:\"майонез\";i:4;s:12:\"спеції\";i:5;s:12:\"кетчуп\";i:6;s:25:\"чорний перець\";}','a:7:{i:0;s:3:\"180\";i:1;s:1:\"6\";i:2;s:2:\"11\";i:3;s:2:\"11\";i:4;s:1:\"6\";i:5;s:2:\"22\";i:6;s:1:\"2\";}','a:7:{i:0;s:3:\"150\";i:1;s:1:\"5\";i:2;s:2:\"10\";i:3;s:2:\"10\";i:4;s:1:\"5\";i:5;s:2:\"20\";i:6;s:1:\"1\";}','','Бенкетні страви'),('Гречка відварна',16,165,7.32,'a:4:{i:0;s:12:\"гречка\";i:1;s:10:\"масло\";i:2;s:8:\"олія\";i:3;s:8:\"сіль\";}','a:4:{i:0;s:2:\"70\";i:1;s:2:\"22\";i:2;s:1:\"5\";i:3;s:1:\"3\";}','a:4:{i:0;s:3:\"140\";i:1;s:2:\"20\";i:2;s:1:\"3\";i:3;s:1:\"2\";}','','Гарніри'),('Грибна юшка',340,1080,0.41,'a:9:{i:0;s:23:\"гриби сушені\";i:1;s:12:\"морква\";i:2;s:12:\"цибуля\";i:3;s:12:\"часник\";i:4;s:16:\"печериці\";i:5;s:12:\"спеції\";i:6;s:12:\"вершки\";i:7;s:8:\"сіль\";i:8;s:25:\"чорний перець\";}','a:9:{i:0;s:2:\"60\";i:1;s:3:\"130\";i:2;s:3:\"240\";i:3;s:2:\"20\";i:4;s:3:\"700\";i:5;s:2:\"22\";i:6;s:3:\"500\";i:7;s:2:\"11\";i:8;s:2:\"11\";}','a:9:{i:0;s:2:\"80\";i:1;s:3:\"100\";i:2;s:3:\"100\";i:3;s:2:\"10\";i:4;s:3:\"300\";i:5;s:2:\"20\";i:6;s:3:\"450\";i:7;s:2:\"10\";i:8;s:2:\"10\";}','','Бенкетні страви'),('Грибна юшка з локшиною 10п',182.85,1340,19.41,'a:12:{i:0;s:16:\"печериці\";i:1;s:12:\"морква\";i:2;s:29:\"корінь петрушки\";i:3;s:12:\"цибуля\";i:4;s:34:\"макарон на бульйон\";i:5;s:14:\"кухарик\";i:6;s:25:\"чорний перець\";i:7;s:25:\"лавровий лист\";i:8;s:29:\"перець духмяний\";i:9;s:8:\"олія\";i:10;s:12:\"спеції\";i:11;s:12:\"зелень\";}','a:12:{i:0;s:4:\"1000\";i:1;s:3:\"150\";i:2;s:2:\"53\";i:3;s:3:\"110\";i:4;s:3:\"200\";i:5;s:2:\"11\";i:6;s:2:\"11\";i:7;s:1:\"3\";i:8;s:1:\"3\";i:9;s:2:\"55\";i:10;s:2:\"11\";i:11;s:2:\"28\";}','a:12:{i:0;s:3:\"650\";i:1;s:3:\"100\";i:2;s:2:\"40\";i:3;s:3:\"100\";i:4;s:3:\"350\";i:5;s:2:\"10\";i:6;s:2:\"10\";i:7;s:1:\"0\";i:8;s:1:\"0\";i:9;s:2:\"50\";i:10;s:2:\"10\";i:11;s:2:\"20\";}','','Перші страви'),('Грибний соус',19.53,102,0,'a:7:{i:0;s:16:\"печериці\";i:1;s:14:\"сметана\";i:2;s:12:\"цибуля\";i:3;s:25:\"чорний перець\";i:4;s:12:\"спеції\";i:5;s:12:\"часник\";i:6;s:8:\"сіль\";}','a:7:{i:0;s:2:\"70\";i:1;s:2:\"55\";i:2;s:2:\"20\";i:3;s:1:\"2\";i:4;s:1:\"3\";i:5;s:1:\"7\";i:6;s:1:\"2\";}','a:7:{i:0;s:2:\"30\";i:1;s:2:\"50\";i:2;s:2:\"10\";i:3;s:1:\"2\";i:4;s:1:\"3\";i:5;s:1:\"5\";i:6;s:1:\"2\";}','','Гарячі закуски'),('Деруни зі сметаною',33.76,390,0,'a:11:{i:0;s:16:\"картопля\";i:1;s:8:\"мука\";i:2;s:8:\"сіль\";i:3;s:14:\"кухарик\";i:4;s:8:\"яйце\";i:5;s:14:\"сметана\";i:6;s:12:\"цибуля\";i:7;s:12:\"часник\";i:8;s:25:\"чорний перець\";i:9;s:8:\"олія\";i:10;s:12:\"зелень\";}','a:11:{i:0;s:3:\"360\";i:1;s:1:\"7\";i:2;s:1:\"2\";i:3;s:1:\"2\";i:4;s:1:\"1\";i:5;s:2:\"55\";i:6;s:2:\"40\";i:7;s:1:\"7\";i:8;s:1:\"2\";i:9;s:2:\"44\";i:10;s:1:\"3\";}','a:11:{i:0;s:3:\"250\";i:1;s:1:\"5\";i:2;s:1:\"1\";i:3;s:1:\"1\";i:4;s:2:\"40\";i:5;s:2:\"50\";i:6;s:2:\"20\";i:7;s:1:\"5\";i:8;s:1:\"1\";i:9;s:2:\"15\";i:10;s:1:\"2\";}','','Домашні страви'),('З грибами Банош',46.4,350,0,'a:4:{i:0;s:10:\"банош\";i:1;s:12:\"цибуля\";i:2;s:16:\"печериці\";i:3;s:8:\"олія\";}','a:4:{i:0;s:1:\"1\";i:1;s:2:\"48\";i:2;s:2:\"35\";i:3;s:2:\"22\";}','a:4:{i:0;s:3:\"300\";i:1;s:2:\"20\";i:2;s:2:\"20\";i:3;s:2:\"10\";}','','Домашні страви'),('З шкварками і цибулею',43.23,350,0,'a:3:{i:0;s:10:\"банош\";i:1;s:12:\"цибуля\";i:2;s:8:\"сало\";}','a:3:{i:0;s:1:\"1\";i:1;s:2:\"48\";i:2;s:2:\"33\";}','a:3:{i:0;s:3:\"300\";i:1;s:2:\"20\";i:2;s:2:\"30\";}','','Домашні страви'),('З шпондером Банош',45.21,350,0,'a:3:{i:0;s:10:\"банош\";i:1;s:14:\"шпондер\";i:2;s:12:\"цибуля\";}','a:3:{i:0;s:1:\"1\";i:1;s:2:\"33\";i:2;s:2:\"48\";}','a:3:{i:0;s:3:\"300\";i:1;s:2:\"30\";i:2;s:2:\"20\";}','','Домашні страви'),('Завиванець з грибами',42.53,203,0,'a:11:{i:0;s:21:\"філе куряче\";i:1;s:16:\"печериці\";i:2;s:14:\"майонез\";i:3;s:6:\"сир\";i:4;s:8:\"яйце\";i:5;s:8:\"мука\";i:6;s:12:\"спеції\";i:7;s:25:\"чорний перець\";i:8;s:8:\"олія\";i:9;s:8:\"сіль\";i:10;s:12:\"салата\";}','a:11:{i:0;s:3:\"125\";i:1;s:2:\"33\";i:2;s:2:\"11\";i:3;s:2:\"11\";i:4;s:1:\"1\";i:5;s:2:\"11\";i:6;s:1:\"2\";i:7;s:1:\"2\";i:8;s:2:\"22\";i:9;s:1:\"2\";i:10;s:1:\"7\";}','a:11:{i:0;s:2:\"90\";i:1;s:2:\"15\";i:2;s:2:\"10\";i:3;s:2:\"10\";i:4;s:2:\"40\";i:5;s:2:\"10\";i:6;s:1:\"1\";i:7;s:1:\"1\";i:8;s:2:\"20\";i:9;s:1:\"1\";i:10;s:1:\"5\";}','','Бенкетні страви'),('Завиванець під соусом',58.33,251,0,'a:11:{i:0;s:21:\"філе куряче\";i:1;s:16:\"баклажан\";i:2;s:35:\"перець болгарський\";i:3;s:12:\"цибуля\";i:4;s:12:\"морква\";i:5;s:8:\"олія\";i:6;s:14:\"кабачок\";i:7;s:12:\"вершки\";i:8;s:12:\"спеції\";i:9;s:12:\"часник\";i:10;s:8:\"мука\";}','a:11:{i:0;s:3:\"126\";i:1;s:2:\"45\";i:2;s:2:\"35\";i:3;s:2:\"20\";i:4;s:2:\"20\";i:5;s:2:\"35\";i:6;s:2:\"30\";i:7;s:2:\"20\";i:8;s:1:\"8\";i:9;s:1:\"8\";i:10;s:2:\"10\";}','a:11:{i:0;s:3:\"100\";i:1;s:2:\"20\";i:2;s:2:\"27\";i:3;s:2:\"10\";i:4;s:2:\"18\";i:5;s:2:\"20\";i:6;s:2:\"22\";i:7;s:2:\"15\";i:8;s:1:\"6\";i:9;s:1:\"6\";i:10;s:1:\"7\";}','','Бенкетні страви'),('Кабачок фарширований',56.77,267,0,'a:13:{i:0;s:14:\"кабачок\";i:1;s:12:\"морква\";i:2;s:8:\"фарш\";i:3;s:12:\"цибуля\";i:4;s:6:\"рис\";i:5;s:35:\"перець болгарський\";i:6;s:14:\"помідор\";i:7;s:12:\"часник\";i:8;s:8:\"олія\";i:9;s:12:\"спеції\";i:10;s:8:\"сіль\";i:11;s:25:\"чорний перець\";i:12;s:12:\"зелень\";}','a:13:{i:0;s:3:\"133\";i:1;s:2:\"14\";i:2;s:2:\"60\";i:3;s:2:\"48\";i:4;s:2:\"20\";i:5;s:2:\"25\";i:6;s:2:\"37\";i:7;s:1:\"3\";i:8;s:2:\"22\";i:9;s:1:\"5\";i:10;s:1:\"3\";i:11;s:1:\"3\";i:12;s:1:\"3\";}','a:13:{i:0;s:2:\"80\";i:1;s:2:\"10\";i:2;s:2:\"40\";i:3;s:2:\"20\";i:4;s:2:\"50\";i:5;s:2:\"15\";i:6;s:2:\"20\";i:7;s:1:\"2\";i:8;s:2:\"20\";i:9;s:1:\"4\";i:10;s:1:\"2\";i:11;s:1:\"2\";i:12;s:1:\"2\";}','','Бенкетні страви'),('Канапка з ікрою',12,20,0.4,'a:5:{i:0;s:8:\"ікра\";i:1;s:14:\"маслини\";i:2;s:10:\"батон\";i:3;s:10:\"масло\";i:4;s:12:\"зелень\";}','a:5:{i:0;s:1:\"6\";i:1;s:1:\"3\";i:2;s:1:\"1\";i:3;s:2:\"11\";i:4;s:1:\"1\";}','a:5:{i:0;s:1:\"5\";i:1;s:1:\"3\";i:2;s:1:\"1\";i:3;s:2:\"10\";i:4;s:1:\"1\";}','канапка робиться на багеті','Бенкетні страви'),('Канапка з ковбаскою',12.44,42,0.31,'a:5:{i:0;s:10:\"батон\";i:1;s:37:\"ковбаса дрогобицька\";i:2;s:10:\"масло\";i:3;s:14:\"помідор\";i:4;s:12:\"зелень\";}','a:5:{i:0;s:1:\"1\";i:1;s:2:\"23\";i:2;s:2:\"11\";i:3;s:2:\"12\";i:4;s:1:\"2\";}','a:5:{i:0;s:1:\"1\";i:1;s:2:\"20\";i:2;s:2:\"10\";i:3;s:2:\"10\";i:4;s:1:\"1\";}','','Холодні закуски'),('Канапка з оселедцем',11.81,65,0,'a:5:{i:0;s:21:\"хліб чорний\";i:1;s:18:\"оселедець\";i:2;s:10:\"масло\";i:3;s:12:\"цибуля\";i:4;s:12:\"зелень\";}','a:5:{i:0;s:1:\"1\";i:1;s:2:\"31\";i:2;s:2:\"11\";i:3;s:2:\"30\";i:4;s:1:\"2\";}','a:5:{i:0;s:1:\"1\";i:1;s:2:\"30\";i:2;s:2:\"10\";i:3;s:2:\"23\";i:4;s:1:\"1\";}','','Холодні закуски'),('Канапка з сиром',9.29,32,0,'a:4:{i:0;s:10:\"батон\";i:1;s:6:\"сир\";i:2;s:10:\"масло\";i:3;s:12:\"зелень\";}','a:4:{i:0;s:1:\"1\";i:1;s:2:\"22\";i:2;s:2:\"11\";i:3;s:1:\"2\";}','a:4:{i:0;s:1:\"1\";i:1;s:2:\"20\";i:2;s:2:\"10\";i:3;s:1:\"1\";}','','Холодні закуски'),('Канапка з шинкою',13.98,45,0,'a:5:{i:0;s:10:\"батон\";i:1;s:10:\"шинка\";i:2;s:10:\"масло\";i:3;s:14:\"помідор\";i:4;s:12:\"зелень\";}','a:5:{i:0;s:1:\"1\";i:1;s:2:\"25\";i:2;s:2:\"11\";i:3;s:2:\"12\";i:4;s:1:\"2\";}','a:5:{i:0;s:1:\"1\";i:1;s:2:\"23\";i:2;s:2:\"10\";i:3;s:2:\"10\";i:4;s:1:\"1\";}','','Холодні закуски'),('Капуста тушкована',25,100,0.675,'a:12:{i:0;s:29:\"капуста квашена\";i:1;s:8:\"сало\";i:2;s:12:\"цибуля\";i:3;s:12:\"морква\";i:4;s:12:\"вершки\";i:5;s:8:\"олія\";i:6;s:10:\"цукор\";i:7;s:12:\"спеції\";i:8;s:12:\"часник\";i:9;s:25:\"чорний перець\";i:10;s:8:\"сіль\";i:11;s:12:\"зелень\";}','a:12:{i:0;s:3:\"120\";i:1;s:2:\"12\";i:2;s:2:\"48\";i:3;s:2:\"15\";i:4;s:2:\"22\";i:5;s:2:\"11\";i:6;s:1:\"3\";i:7;s:1:\"3\";i:8;s:1:\"3\";i:9;s:1:\"3\";i:10;s:1:\"3\";i:11;s:1:\"3\";}','a:12:{i:0;s:2:\"80\";i:1;s:1:\"5\";i:2;s:2:\"20\";i:3;s:2:\"10\";i:4;s:2:\"20\";i:5;s:2:\"10\";i:6;s:1:\"2\";i:7;s:1:\"2\";i:8;s:1:\"2\";i:9;s:1:\"2\";i:10;s:1:\"2\";i:11;s:1:\"2\";}','','Бенкетні страви'),('Капуста тушкована з мясом',34.01,100,0.1,'a:12:{i:0;s:29:\"капуста квашена\";i:1;s:27:\"лопатка свинна\";i:2;s:8:\"сало\";i:3;s:12:\"цибуля\";i:4;s:12:\"вершки\";i:5;s:12:\"морква\";i:6;s:12:\"часник\";i:7;s:8:\"олія\";i:8;s:12:\"спеції\";i:9;s:8:\"сіль\";i:10;s:25:\"чорний перець\";i:11;s:12:\"зелень\";}','a:12:{i:0;s:3:\"100\";i:1;s:2:\"60\";i:2;s:2:\"15\";i:3;s:2:\"36\";i:4;s:2:\"20\";i:5;s:2:\"15\";i:6;s:1:\"3\";i:7;s:2:\"11\";i:8;s:1:\"3\";i:9;s:1:\"3\";i:10;s:1:\"3\";i:11;s:1:\"3\";}','a:12:{i:0;s:2:\"70\";i:1;s:2:\"40\";i:2;s:1:\"5\";i:3;s:2:\"15\";i:4;s:2:\"15\";i:5;s:2:\"10\";i:6;s:1:\"2\";i:7;s:2:\"10\";i:8;s:1:\"2\";i:9;s:1:\"2\";i:10;s:1:\"2\";i:11;s:1:\"2\";}','','Бенкетні страви'),('Капуста цвітна смажена',194,1672,-0.33,'a:9:{i:0;s:27:\"капуста цвітна\";i:1;s:8:\"яйце\";i:2;s:8:\"мука\";i:3;s:8:\"олія\";i:4;s:18:\"мінералка\";i:5;s:12:\"спеції\";i:6;s:25:\"чорний перець\";i:7;s:8:\"сіль\";i:8;s:12:\"зелень\";}','a:9:{i:0;s:4:\"1400\";i:1;s:1:\"3\";i:2;s:3:\"150\";i:3;s:3:\"440\";i:4;s:3:\"200\";i:5;s:1:\"5\";i:6;s:1:\"4\";i:7;s:2:\"11\";i:8;s:2:\"30\";}','a:9:{i:0;s:3:\"980\";i:1;s:1:\"3\";i:2;s:3:\"150\";i:3;s:3:\"400\";i:4;s:3:\"100\";i:5;s:1:\"5\";i:6;s:1:\"4\";i:7;s:2:\"10\";i:8;s:2:\"20\";}','','Бенкетні страви'),('Картопля з сиром',28,223,0.79,'a:8:{i:0;s:16:\"картопля\";i:1;s:12:\"цибуля\";i:2;s:12:\"вершки\";i:3;s:8:\"олія\";i:4;s:6:\"сир\";i:5;s:25:\"чорний перець\";i:6;s:12:\"спеції\";i:7;s:12:\"зелень\";}','a:8:{i:0;s:3:\"215\";i:1;s:2:\"28\";i:2;s:2:\"22\";i:3;s:2:\"22\";i:4;s:2:\"30\";i:5;s:1:\"2\";i:6;s:1:\"5\";i:7;s:1:\"3\";}','a:8:{i:0;s:3:\"150\";i:1;s:2:\"15\";i:2;s:2:\"20\";i:3;s:2:\"10\";i:4;s:2:\"22\";i:5;s:1:\"1\";i:6;s:1:\"3\";i:7;s:1:\"2\";}','','Гарніри'),('Картопля зі шпондером',31.74,236,0,'a:9:{i:0;s:16:\"картопля\";i:1;s:12:\"цибуля\";i:2;s:31:\"шпондер копчений\";i:3;s:8:\"олія\";i:4;s:12:\"спеції\";i:5;s:8:\"сіль\";i:6;s:25:\"чорний перець\";i:7;s:12:\"зелень\";i:8;s:12:\"салата\";}','a:9:{i:0;s:3:\"215\";i:1;s:2:\"28\";i:2;s:2:\"55\";i:3;s:2:\"22\";i:4;s:1:\"3\";i:5;s:1:\"2\";i:6;s:1:\"2\";i:7;s:1:\"3\";i:8;s:1:\"7\";}','a:9:{i:0;s:3:\"150\";i:1;s:2:\"20\";i:2;s:2:\"40\";i:3;s:2:\"15\";i:4;s:1:\"2\";i:5;s:1:\"1\";i:6;s:1:\"1\";i:7;s:1:\"2\";i:8;s:1:\"5\";}','','Гарніри'),('Картопля молода',23,200,7.35,'a:5:{i:0;s:16:\"картопля\";i:1;s:14:\"сметана\";i:2;s:10:\"масло\";i:3;s:12:\"зелень\";i:4;s:8:\"сіль\";}','a:5:{i:0;s:3:\"240\";i:1;s:2:\"22\";i:2;s:2:\"22\";i:3;s:1:\"7\";i:4;s:1:\"5\";}','a:5:{i:0;s:3:\"180\";i:1;s:2:\"20\";i:2;s:2:\"20\";i:3;s:1:\"5\";i:4;s:1:\"5\";}','','Гарніри'),('Картопля по-домашньому',30.21,200,0,'a:7:{i:0;s:16:\"картопля\";i:1;s:8:\"олія\";i:2;s:12:\"часник\";i:3;s:12:\"цибуля\";i:4;s:12:\"спеції\";i:5;s:8:\"сіль\";i:6;s:12:\"зелень\";}','a:7:{i:0;s:3:\"420\";i:1;s:3:\"110\";i:2;s:1:\"3\";i:3;s:2:\"48\";i:4;s:1:\"7\";i:5;s:1:\"3\";i:6;s:1:\"3\";}','a:7:{i:0;s:3:\"180\";i:1;s:3:\"100\";i:2;s:1:\"2\";i:3;s:2:\"25\";i:4;s:1:\"5\";i:5;s:1:\"2\";i:6;s:1:\"2\";}','','Гарніри'),('Картопля по-селянськи',29.09,262,0,'a:6:{i:0;s:16:\"картопля\";i:1;s:8:\"олія\";i:2;s:12:\"часник\";i:3;s:12:\"спеції\";i:4;s:8:\"сіль\";i:5;s:12:\"зелень\";}','a:6:{i:0;s:3:\"420\";i:1;s:3:\"110\";i:2;s:1:\"7\";i:3;s:1:\"7\";i:4;s:1:\"3\";i:5;s:1:\"3\";}','a:6:{i:0;s:3:\"200\";i:1;s:2:\"50\";i:2;s:1:\"3\";i:3;s:1:\"5\";i:4;s:1:\"2\";i:5;s:1:\"2\";}','','Гарніри'),('Картопля пюре',18,222,5.13,'a:4:{i:0;s:16:\"картопля\";i:1;s:12:\"молоко\";i:2;s:10:\"масло\";i:3;s:12:\"зелень\";}','a:4:{i:0;s:3:\"243\";i:1;s:2:\"33\";i:2;s:2:\"22\";i:3;s:1:\"3\";}','a:4:{i:0;s:3:\"170\";i:1;s:2:\"30\";i:2;s:2:\"20\";i:3;s:1:\"2\";}','','Гарніри'),('Картопля фрі',29.67,200,0,'a:6:{i:0;s:16:\"картопля\";i:1;s:8:\"олія\";i:2;s:8:\"сіль\";i:3;s:12:\"спеції\";i:4;s:12:\"часник\";i:5;s:12:\"кетчуп\";}','a:6:{i:0;s:3:\"420\";i:1;s:3:\"110\";i:2;s:1:\"3\";i:3;s:1:\"7\";i:4;s:1:\"7\";i:5;s:2:\"22\";}','a:6:{i:0;s:3:\"200\";i:1;s:2:\"50\";i:2;s:1:\"2\";i:3;s:1:\"5\";i:4;s:1:\"5\";i:5;s:2:\"20\";}','','Гарніри'),('Квасолька з кунжутом',30,100,4.34,'a:9:{i:0;s:18:\"квасолька\";i:1;s:12:\"кунжут\";i:2;s:12:\"вершки\";i:3;s:12:\"часник\";i:4;s:10:\"масло\";i:5;s:8:\"сіль\";i:6;s:25:\"чорний перець\";i:7;s:12:\"спеції\";i:8;s:12:\"зелень\";}','a:9:{i:0;s:3:\"100\";i:1;s:2:\"10\";i:2;s:2:\"25\";i:3;s:1:\"3\";i:4;s:2:\"22\";i:5;s:1:\"2\";i:6;s:1:\"2\";i:7;s:1:\"3\";i:8;s:1:\"3\";}','a:9:{i:0;s:2:\"80\";i:1;s:1:\"7\";i:2;s:2:\"20\";i:3;s:1:\"2\";i:4;s:2:\"20\";i:5;s:1:\"1\";i:6;s:1:\"1\";i:7;s:1:\"2\";i:8;s:1:\"2\";}','','Бенкетні страви'),('Короп фарширований',262.16,1111.65,0,'a:15:{i:0;s:10:\"короп\";i:1;s:21:\"філе куряче\";i:2;s:10:\"масло\";i:3;s:8:\"олія\";i:4;s:12:\"вершки\";i:5;s:16:\"печериці\";i:6;s:12:\"цибуля\";i:7;s:10:\"батон\";i:8;s:8:\"сіль\";i:9;s:12:\"спеції\";i:10;s:8:\"яйце\";i:11;s:12:\"салата\";i:12;s:10:\"лимон\";i:13;s:12:\"оливки\";i:14;s:12:\"зелень\";}','a:15:{i:0;s:3:\"800\";i:1;s:3:\"290\";i:2;s:2:\"70\";i:3;s:2:\"22\";i:4;s:2:\"44\";i:5;s:3:\"200\";i:6;s:3:\"240\";i:7;s:1:\"3\";i:8;s:1:\"6\";i:9;s:2:\"10\";i:10;s:1:\"2\";i:11;s:2:\"30\";i:12;s:3:\"110\";i:13;s:2:\"20\";i:14;s:1:\"7\";}','a:15:{i:0;s:3:\"400\";i:1;s:3:\"200\";i:2;s:2:\"42\";i:3;s:2:\"13\";i:4;s:2:\"26\";i:5;s:3:\"130\";i:6;s:3:\"144\";i:7;s:1:\"2\";i:8;s:4:\"3.65\";i:9;s:1:\"6\";i:10;s:1:\"2\";i:11;s:2:\"18\";i:12;s:3:\"100\";i:13;s:2:\"20\";i:14;s:1:\"5\";}','','Бенкетні страви,Страви з риби'),('Котлета по-київськи',47.87,214,0,'a:9:{i:0;s:21:\"філе куряче\";i:1;s:10:\"масло\";i:2;s:12:\"зелень\";i:3;s:12:\"спеції\";i:4;s:37:\"сухарі панірувальні\";i:5;s:8:\"яйце\";i:6;s:8:\"олія\";i:7;s:8:\"сіль\";i:8;s:25:\"чорний перець\";}','a:9:{i:0;s:3:\"120\";i:1;s:2:\"50\";i:2;s:2:\"20\";i:3;s:1:\"3\";i:4;s:2:\"30\";i:5;s:1:\"1\";i:6;s:2:\"22\";i:7;s:1:\"3\";i:8;s:1:\"2\";}','a:9:{i:0;s:3:\"100\";i:1;s:2:\"35\";i:2;s:2:\"15\";i:3;s:1:\"2\";i:4;s:2:\"20\";i:5;s:2:\"20\";i:6;s:2:\"19\";i:7;s:1:\"2\";i:8;s:1:\"1\";}','','Бенкетні страви'),('Крильця в гостро-медовому соусі',46,300,-3.27,'a:12:{i:0;s:23:\"крило куряче\";i:1;s:8:\"олія\";i:2;s:21:\"соус соєвий\";i:3;s:8:\"сіль\";i:4;s:25:\"чорний перець\";i:5;s:12:\"спеції\";i:6;s:14:\"майонез\";i:7;s:17:\"соус чилі\";i:8;s:12:\"кетчуп\";i:9;s:6:\"мед\";i:10;s:25:\"гірчиця франц\";i:11;s:12:\"зелень\";}','a:12:{i:0;s:3:\"350\";i:1;s:2:\"50\";i:2;s:2:\"11\";i:3;s:1:\"2\";i:4;s:1:\"2\";i:5;s:1:\"2\";i:6;s:2:\"11\";i:7;s:1:\"6\";i:8;s:2:\"40\";i:9;s:2:\"11\";i:10;s:1:\"6\";i:11;s:1:\"3\";}','a:12:{i:0;s:3:\"250\";i:1;s:2:\"50\";i:2;s:2:\"10\";i:3;s:1:\"1\";i:4;s:1:\"1\";i:5;s:1:\"1\";i:6;s:2:\"10\";i:7;s:1:\"5\";i:8;s:2:\"35\";i:9;s:2:\"10\";i:10;s:1:\"5\";i:11;s:1:\"2\";}','','Гарячі закуски'),('Крученик з грибами',58.68,220,0,'a:11:{i:0;s:31:\"полядвиця свинна\";i:1;s:12:\"цибуля\";i:2;s:16:\"печериці\";i:3;s:8:\"мука\";i:4;s:8:\"олія\";i:5;s:8:\"сіль\";i:6;s:25:\"чорний перець\";i:7;s:12:\"спеції\";i:8;s:12:\"вершки\";i:9;s:12:\"часник\";i:10;s:12:\"зелень\";}','a:11:{i:0;s:3:\"120\";i:1;s:2:\"59\";i:2;s:2:\"40\";i:3;s:2:\"22\";i:4;s:2:\"33\";i:5;s:1:\"3\";i:6;s:1:\"3\";i:7;s:1:\"3\";i:8;s:2:\"33\";i:9;s:1:\"3\";i:10;s:1:\"3\";}','a:11:{i:0;s:2:\"80\";i:1;s:2:\"30\";i:2;s:2:\"20\";i:3;s:2:\"20\";i:4;s:2:\"30\";i:5;s:1:\"2\";i:6;s:1:\"2\";i:7;s:1:\"2\";i:8;s:2:\"30\";i:9;s:1:\"2\";i:10;s:1:\"2\";}','','Бенкетні страви'),('Кульки картопляні',40.03,227,0,'a:11:{i:0;s:16:\"картопля\";i:1;s:16:\"крохмаль\";i:2;s:6:\"сир\";i:3;s:37:\"сухарі панірувальні\";i:4;s:14:\"сметана\";i:5;s:14:\"майонез\";i:6;s:12:\"спеції\";i:7;s:12:\"зелень\";i:8;s:8:\"олія\";i:9;s:12:\"часник\";i:10;s:8:\"яйце\";}','a:11:{i:0;s:3:\"200\";i:1;s:2:\"20\";i:2;s:2:\"30\";i:3;s:2:\"20\";i:4;s:2:\"30\";i:5;s:2:\"15\";i:6;s:1:\"2\";i:7;s:1:\"4\";i:8;s:3:\"100\";i:9;s:1:\"5\";i:10;s:1:\"1\";}','a:11:{i:0;s:3:\"120\";i:1;s:2:\"10\";i:2;s:2:\"30\";i:3;s:2:\"15\";i:4;s:2:\"25\";i:5;s:2:\"10\";i:6;s:1:\"1\";i:7;s:1:\"2\";i:8;s:2:\"10\";i:9;s:1:\"3\";i:10;s:1:\"1\";}','','Закуски до пива'),('Курка фарширована',400.83,1000,0,'a:12:{i:0;s:10:\"курка\";i:1;s:6:\"шия\";i:2;s:12:\"цибуля\";i:3;s:12:\"часник\";i:4;s:8:\"яйце\";i:5;s:16:\"печериці\";i:6;s:14:\"желатин\";i:7;s:12:\"вершки\";i:8;s:12:\"салата\";i:9;s:12:\"спеції\";i:10;s:8:\"сіль\";i:11;s:25:\"чорний перець\";}','a:12:{i:0;s:4:\"1800\";i:1;s:3:\"220\";i:2;s:3:\"240\";i:3;s:2:\"25\";i:4;s:1:\"3\";i:5;s:3:\"300\";i:6;s:2:\"27\";i:7;s:2:\"33\";i:8;s:1:\"7\";i:9;s:2:\"11\";i:10;s:2:\"11\";i:11;s:1:\"4\";}','a:12:{i:0;s:3:\"800\";i:1;s:3:\"200\";i:2;s:3:\"100\";i:3;s:2:\"15\";i:4;s:3:\"120\";i:5;s:3:\"150\";i:6;s:2:\"25\";i:7;s:2:\"30\";i:8;s:1:\"5\";i:9;s:2:\"10\";i:10;s:2:\"10\";i:11;s:1:\"2\";}','','Бенкетні страви'),('Лапка фарширована',215.06,1059,0,'a:14:{i:0;s:23:\"лапка куряча\";i:1;s:21:\"філе куряче\";i:2;s:16:\"печериці\";i:3;s:12:\"цибуля\";i:4;s:8:\"яйце\";i:5;s:27:\"лопатка свинна\";i:6;s:12:\"спеції\";i:7;s:14:\"желатин\";i:8;s:12:\"часник\";i:9;s:12:\"вершки\";i:10;s:25:\"чорний перець\";i:11;s:8:\"олія\";i:12;s:12:\"зелень\";i:13;s:8:\"сіль\";}','a:14:{i:0;s:3:\"550\";i:1;s:3:\"400\";i:2;s:3:\"180\";i:3;s:2:\"45\";i:4;s:1:\"1\";i:5;s:3:\"150\";i:6;s:1:\"5\";i:7;s:1:\"6\";i:8;s:1:\"7\";i:9;s:2:\"11\";i:10;s:1:\"2\";i:11;s:2:\"11\";i:12;s:1:\"7\";i:13;s:1:\"3\";}','a:14:{i:0;s:3:\"400\";i:1;s:3:\"350\";i:2;s:3:\"100\";i:3;s:2:\"20\";i:4;s:2:\"40\";i:5;s:3:\"100\";i:6;s:1:\"3\";i:7;s:2:\"15\";i:8;s:1:\"5\";i:9;s:2:\"10\";i:10;s:1:\"1\";i:11;s:2:\"10\";i:12;s:1:\"5\";i:13;s:1:\"0\";}','','Бенкетні страви'),('Медальйони',68.72,143,0,'a:8:{i:0;s:27:\"вирізка свинна\";i:1;s:8:\"сіль\";i:2;s:12:\"спеції\";i:3;s:21:\"соус соєвий\";i:4;s:8:\"олія\";i:5;s:14:\"майонез\";i:6;s:16:\"крохмаль\";i:7;s:12:\"зелень\";}','a:8:{i:0;s:3:\"176\";i:1;s:1:\"2\";i:2;s:1:\"3\";i:3;s:1:\"3\";i:4;s:2:\"22\";i:5;s:2:\"10\";i:6;s:2:\"11\";i:7;s:1:\"3\";}','a:8:{i:0;s:3:\"100\";i:1;s:1:\"1\";i:2;s:1:\"2\";i:3;s:1:\"2\";i:4;s:2:\"20\";i:5;s:1:\"6\";i:6;s:2:\"10\";i:7;s:1:\"2\";}','','Бенкетні страви'),('Мисливські ковбаски',33.75,125,0,'a:3:{i:0;s:33:\"сосиски баварські\";i:1;s:12:\"кетчуп\";i:2;s:14:\"гірчиця\";}','a:3:{i:0;s:3:\"110\";i:1;s:2:\"10\";i:2;s:2:\"15\";}','a:3:{i:0;s:3:\"100\";i:1;s:2:\"10\";i:2;s:2:\"15\";}','','Гарячі закуски'),('Млинці з мясом 2 шт',33.72,184,0,'a:6:{i:0;s:28:\"тісто на млинці\";i:1;s:42:\"фарш на млинці і слойку\";i:2;s:8:\"олія\";i:3;s:8:\"яйце\";i:4;s:12:\"кетчуп\";i:5;s:12:\"спеції\";}','a:6:{i:0;s:2:\"70\";i:1;s:2:\"70\";i:2;s:2:\"55\";i:3;s:3:\"0.5\";i:4;s:1:\"3\";i:5;s:1:\"2\";}','a:6:{i:0;s:2:\"70\";i:1;s:2:\"70\";i:2;s:2:\"20\";i:3;s:2:\"20\";i:4;s:1:\"3\";i:5;s:1:\"1\";}','','Домашні страви'),('Млинці з сиром',32,255,0.985,'a:9:{i:0;s:28:\"тісто на млинці\";i:1;s:23:\"сир домашній\";i:2;s:14:\"сметана\";i:3;s:10:\"цукор\";i:4;s:10:\"масло\";i:5;s:12:\"спеції\";i:6;s:16:\"родзинки\";i:7;s:8:\"олія\";i:8;s:36:\"поливка на морозиво\";}','a:9:{i:0;s:2:\"80\";i:1;s:2:\"85\";i:2;s:2:\"55\";i:3;s:2:\"11\";i:4;s:2:\"11\";i:5;s:1:\"3\";i:6;s:1:\"6\";i:7;s:1:\"6\";i:8;s:2:\"15\";}','a:9:{i:0;s:2:\"80\";i:1;s:2:\"80\";i:2;s:2:\"50\";i:3;s:2:\"10\";i:4;s:1:\"8\";i:5;s:1:\"2\";i:6;s:1:\"5\";i:7;s:1:\"5\";i:8;s:2:\"15\";}','','Домашні страви'),('Морозиво',17.3,101,0,'a:2:{i:0;s:16:\"морозиво\";i:1;s:8:\"мята\";}','a:2:{i:0;s:3:\"110\";i:1;s:1:\"2\";}','a:2:{i:0;s:3:\"100\";i:1;s:1:\"1\";}','','Десерти'),('Морозиво з поливкою',21.7,121,0,'a:3:{i:0;s:16:\"морозиво\";i:1;s:36:\"поливка на морозиво\";i:2;s:8:\"мята\";}','a:3:{i:0;s:3:\"110\";i:1;s:2:\"22\";i:2;s:1:\"2\";}','a:3:{i:0;s:3:\"100\";i:1;s:2:\"20\";i:2;s:1:\"1\";}','','Десерти'),('Морозиво з фруктами',28.31,181,0,'a:5:{i:0;s:16:\"морозиво\";i:1;s:10:\"банан\";i:2;s:12:\"яблуко\";i:3;s:21:\"ананас конс\";i:4;s:8:\"мята\";}','a:5:{i:0;s:3:\"110\";i:1;s:2:\"34\";i:2;s:2:\"25\";i:3;s:2:\"32\";i:4;s:1:\"2\";}','a:5:{i:0;s:3:\"100\";i:1;s:2:\"30\";i:2;s:2:\"20\";i:3;s:2:\"30\";i:4;s:1:\"1\";}','','Десерти'),('Морозиво з шоколадом',20.4,111,0.9,'a:3:{i:0;s:16:\"морозиво\";i:1;s:14:\"шоколад\";i:2;s:8:\"мята\";}','a:3:{i:0;s:3:\"110\";i:1;s:2:\"11\";i:2;s:1:\"2\";}','a:3:{i:0;s:3:\"100\";i:1;s:2:\"10\";i:2;s:1:\"1\";}','','Десерти'),('Морозиво класичне',16.5,100,0,'a:1:{i:0;s:16:\"морозиво\";}','a:1:{i:0;s:3:\"110\";}','a:1:{i:0;s:3:\"100\";}','','Десерти'),('Мясна тарілка Святкова',104.36,317,0,'a:8:{i:0;s:10:\"шинка\";i:1;s:12:\"салямі\";i:2;s:31:\"шпондер копчений\";i:3;s:28:\"сало з спеціями\";i:4;s:12:\"часник\";i:5;s:12:\"зелень\";i:6;s:12:\"оливки\";i:7;s:14:\"маслини\";}','a:8:{i:0;s:3:\"110\";i:1;s:2:\"90\";i:2;s:2:\"85\";i:3;s:2:\"55\";i:4;s:1:\"7\";i:5;s:1:\"3\";i:6;s:1:\"5\";i:7;s:1:\"5\";}','a:8:{i:0;s:3:\"100\";i:1;s:2:\"75\";i:2;s:2:\"75\";i:3;s:2:\"50\";i:4;s:1:\"5\";i:5;s:1:\"2\";i:6;s:1:\"5\";i:7;s:1:\"5\";}','','Бенкетні страви'),('Огірочки закусочні',170,1085,4.005,'a:7:{i:0;s:12:\"огірок\";i:1;s:12:\"часник\";i:2;s:25:\"гірчиця франц\";i:3;s:8:\"сіль\";i:4;s:10:\"цукор\";i:5;s:25:\"чорний перець\";i:6;s:12:\"зелень\";}','a:7:{i:0;s:4:\"1200\";i:1;s:2:\"55\";i:2;s:2:\"22\";i:3;s:2:\"11\";i:4;s:2:\"11\";i:5;s:1:\"4\";i:6;s:2:\"14\";}','a:7:{i:0;s:4:\"1000\";i:1;s:2:\"33\";i:2;s:2:\"20\";i:3;s:2:\"10\";i:4;s:2:\"10\";i:5;s:1:\"2\";i:6;s:2:\"10\";}','піймати і зварити','Холодні закуски'),('Олівє з куркою',42.46,274,0,'a:11:{i:0;s:16:\"картопля\";i:1;s:12:\"морква\";i:2;s:27:\"горошок консер\";i:3;s:8:\"яйце\";i:4;s:21:\"філе куряче\";i:5;s:12:\"цибуля\";i:6;s:29:\"огірок квашений\";i:7;s:14:\"майонез\";i:8;s:8:\"сіль\";i:9;s:25:\"чорний перець\";i:10;s:12:\"зелень\";}','a:11:{i:0;s:2:\"65\";i:1;s:2:\"27\";i:2;s:2:\"33\";i:3;s:3:\"1.5\";i:4;s:2:\"80\";i:5;s:2:\"12\";i:6;s:2:\"35\";i:7;s:2:\"44\";i:8;s:1:\"2\";i:9;s:1:\"2\";i:10;s:1:\"3\";}','a:11:{i:0;s:2:\"40\";i:1;s:2:\"20\";i:2;s:2:\"30\";i:3;s:2:\"60\";i:4;s:2:\"50\";i:5;s:2:\"10\";i:6;s:2:\"20\";i:7;s:2:\"40\";i:8;s:1:\"1\";i:9;s:1:\"1\";i:10;s:1:\"2\";}','','Бенкетні страви'),('Оселедець з цибулею',28,151,0.045,'a:7:{i:0;s:18:\"оселедець\";i:1;s:12:\"цибуля\";i:2;s:8:\"олія\";i:3;s:11:\"оцет 9%\";i:4;s:10:\"цукор\";i:5;s:8:\"сіль\";i:6;s:12:\"зелень\";}','a:7:{i:0;s:3:\"110\";i:1;s:2:\"36\";i:2;s:2:\"11\";i:3;s:1:\"6\";i:4;s:1:\"3\";i:5;s:1:\"2\";i:6;s:1:\"3\";}','a:7:{i:0;s:3:\"100\";i:1;s:2:\"30\";i:2;s:2:\"10\";i:3;s:1:\"4\";i:4;s:1:\"3\";i:5;s:1:\"2\";i:6;s:1:\"2\";}','','Холодні закуски'),('Оселедець по-європейськи',29.75,152,0,'a:5:{i:0;s:18:\"оселедець\";i:1;s:14:\"майонез\";i:2;s:25:\"гірчиця франц\";i:3;s:12:\"цибуля\";i:4;s:12:\"зелень\";}','a:5:{i:0;s:3:\"110\";i:1;s:2:\"22\";i:2;s:2:\"11\";i:3;s:2:\"24\";i:4;s:1:\"3\";}','a:5:{i:0;s:3:\"100\";i:1;s:2:\"20\";i:2;s:2:\"10\";i:3;s:2:\"20\";i:4;s:1:\"2\";}','','Холодні закуски'),('Оселедець по-селянськи',34.45,270,0,'a:8:{i:0;s:18:\"оселедець\";i:1;s:16:\"картопля\";i:2;s:12:\"цибуля\";i:3;s:8:\"олія\";i:4;s:8:\"сіль\";i:5;s:14:\"паприка\";i:6;s:12:\"зелень\";i:7;s:11:\"оцет 9%\";}','a:8:{i:0;s:3:\"110\";i:1;s:3:\"160\";i:2;s:2:\"36\";i:3;s:2:\"22\";i:4;s:1:\"3\";i:5;s:1:\"2\";i:6;s:1:\"3\";i:7;s:1:\"3\";}','a:8:{i:0;s:3:\"100\";i:1;s:3:\"110\";i:2;s:2:\"30\";i:3;s:2:\"20\";i:4;s:1:\"3\";i:5;s:1:\"2\";i:6;s:1:\"2\";i:7;s:1:\"3\";}','','Холодні закуски'),('Під першу чарку',31.73,163,0,'a:8:{i:0;s:28:\"сало з спеціями\";i:1;s:8:\"яйце\";i:2;s:29:\"огірок квашений\";i:3;s:12:\"цибуля\";i:4;s:12:\"часник\";i:5;s:14:\"гірчиця\";i:6;s:14:\"майонез\";i:7;s:12:\"зелень\";}','a:8:{i:0;s:2:\"62\";i:1;s:1:\"1\";i:2;s:2:\"55\";i:3;s:2:\"36\";i:4;s:1:\"7\";i:5;s:1:\"7\";i:6;s:2:\"11\";i:7;s:1:\"3\";}','a:8:{i:0;s:2:\"60\";i:1;s:1:\"1\";i:2;s:2:\"50\";i:3;s:2:\"30\";i:4;s:1:\"5\";i:5;s:1:\"5\";i:6;s:2:\"10\";i:7;s:1:\"2\";}','','Холодні закуски'),('Палички з кунжутом',10,531,0,'a:6:{i:0;s:27:\"тісто листкове\";i:1;s:25:\"кунжут чорний\";i:2;s:12:\"кунжут\";i:3;s:8:\"Сіль\";i:4;s:8:\"яйце\";i:5;s:8:\"Олія\";}','a:6:{i:0;s:3:\"500\";i:1;s:2:\"10\";i:2;s:2:\"10\";i:3;s:2:\"20\";i:4;s:1:\"1\";i:5;s:2:\"50\";}','a:6:{i:0;s:3:\"500\";i:1;s:1:\"5\";i:2;s:1:\"5\";i:3;s:2:\"10\";i:4;s:1:\"1\";i:5;s:2:\"10\";}','','Закуски до пива'),('Пельмені домашні',37,203,2.54,'a:12:{i:0;s:8:\"мука\";i:1;s:8:\"яйце\";i:2;s:8:\"олія\";i:3;s:8:\"сіль\";i:4;s:8:\"фарш\";i:5;s:12:\"цибуля\";i:6;s:14:\"кухарик\";i:7;s:12:\"часник\";i:8;s:25:\"чорний перець\";i:9;s:10:\"масло\";i:10;s:14:\"паприка\";i:11;s:12:\"зелень\";}','a:12:{i:0;s:2:\"60\";i:1;s:3:\"0.5\";i:2;s:1:\"6\";i:3;s:1:\"2\";i:4;s:3:\"100\";i:5;s:2:\"15\";i:6;s:1:\"2\";i:7;s:1:\"5\";i:8;s:1:\"2\";i:9;s:2:\"30\";i:10;s:1:\"3\";i:11;s:1:\"3\";}','a:12:{i:0;s:2:\"55\";i:1;s:2:\"20\";i:2;s:1:\"5\";i:3;s:1:\"1\";i:4;s:2:\"85\";i:5;s:1:\"8\";i:6;s:1:\"1\";i:7;s:1:\"3\";i:8;s:1:\"1\";i:9;s:2:\"20\";i:10;s:1:\"2\";i:11;s:1:\"2\";}','','Домашні страви'),('Печінка куряча з грибами',38.67,150,0,'a:8:{i:0;s:27:\"печінка куряча\";i:1;s:16:\"печериці\";i:2;s:12:\"цибуля\";i:3;s:12:\"вершки\";i:4;s:8:\"олія\";i:5;s:12:\"спеції\";i:6;s:25:\"чорний перець\";i:7;s:25:\"лавровий лист\";}','a:8:{i:0;s:3:\"140\";i:1;s:2:\"55\";i:2;s:2:\"45\";i:3;s:2:\"33\";i:4;s:2:\"30\";i:5;s:1:\"5\";i:6;s:1:\"2\";i:7;s:1:\"1\";}','a:8:{i:0;s:2:\"90\";i:1;s:2:\"30\";i:2;s:2:\"20\";i:3;s:2:\"30\";i:4;s:2:\"20\";i:5;s:1:\"5\";i:6;s:1:\"2\";i:7;s:1:\"1\";}','','Гарячі закуски'),('Печінка під снігом',29,150,-0.025,'a:9:{i:0;s:27:\"печінка індича\";i:1;s:8:\"олія\";i:2;s:14:\"майонез\";i:3;s:21:\"соус соєвий\";i:4;s:12:\"спеції\";i:5;s:25:\"чорний перець\";i:6;s:12:\"кетчуп\";i:7;s:14:\"сметана\";i:8;s:6:\"сир\";}','a:9:{i:0;s:3:\"175\";i:1;s:2:\"11\";i:2;s:2:\"11\";i:3;s:1:\"6\";i:4;s:1:\"6\";i:5;s:1:\"2\";i:6;s:2:\"22\";i:7;s:2:\"11\";i:8;s:2:\"22\";}','a:9:{i:0;s:3:\"100\";i:1;s:2:\"10\";i:2;s:2:\"10\";i:3;s:1:\"5\";i:4;s:1:\"5\";i:5;s:1:\"1\";i:6;s:2:\"20\";i:7;s:2:\"10\";i:8;s:2:\"20\";}','','Бенкетні страви'),('Печериці мариновані з цибулею',25.72,100,-0.06,'a:6:{i:0;s:37:\"печериці мариновані\";i:1;s:12:\"цибуля\";i:2;s:8:\"сіль\";i:3;s:10:\"цукор\";i:4;s:11:\"оцет 9%\";i:5;s:12:\"зелень\";}','a:6:{i:0;s:2:\"80\";i:1;s:2:\"24\";i:2;s:1:\"3\";i:3;s:1:\"2\";i:4;s:1:\"2\";i:5;s:1:\"2\";}','a:6:{i:0;s:2:\"80\";i:1;s:2:\"15\";i:2;s:1:\"2\";i:3;s:1:\"1\";i:4;s:1:\"1\";i:5;s:1:\"1\";}','','Бенкетні страви'),('Печериці фаршировані',25.29,93,2,'a:9:{i:0;s:16:\"печериці\";i:1;s:12:\"цибуля\";i:2;s:10:\"шинка\";i:3;s:6:\"сир\";i:4;s:14:\"майонез\";i:5;s:8:\"сіль\";i:6;s:12:\"спеції\";i:7;s:25:\"чорний перець\";i:8;s:12:\"зелень\";}','a:9:{i:0;s:2:\"70\";i:1;s:2:\"28\";i:2;s:2:\"11\";i:3;s:2:\"22\";i:4;s:2:\"11\";i:5;s:1:\"3\";i:6;s:1:\"3\";i:7;s:1:\"3\";i:8;s:1:\"3\";}','a:9:{i:0;s:2:\"35\";i:1;s:2:\"10\";i:2;s:2:\"10\";i:3;s:2:\"20\";i:4;s:2:\"10\";i:5;s:1:\"2\";i:6;s:1:\"2\";i:7;s:1:\"2\";i:8;s:1:\"2\";}','','Бенкетні страви'),('Пивна тарілка',43.5,270,0,'a:10:{i:0;s:21:\"філе куряче\";i:1;s:21:\"соус соєвий\";i:2;s:12:\"Спеції\";i:3;s:8:\"Олія\";i:4;s:14:\"Косичка\";i:5;s:24:\"Бородинський\";i:6;s:6:\"Сир\";i:7;s:14:\"Майонез\";i:8;s:14:\"гірчиця\";i:9;s:37:\"сухарі панірувальні\";}','a:10:{i:0;s:3:\"100\";i:1;s:1:\"5\";i:2;s:1:\"5\";i:3;s:2:\"70\";i:4;s:2:\"50\";i:5;s:2:\"80\";i:6;s:1:\"6\";i:7;s:2:\"30\";i:8;s:2:\"20\";i:9;s:2:\"15\";}','a:10:{i:0;s:2:\"85\";i:1;s:1:\"2\";i:2;s:1:\"2\";i:3;s:2:\"30\";i:4;s:2:\"50\";i:5;s:2:\"70\";i:6;s:1:\"5\";i:7;s:2:\"30\";i:8;s:2:\"20\";i:9;s:2:\"10\";}','','Закуски до пива'),('По-селянськи',21,200,0,'a:8:{i:0;s:16:\"картопля\";i:1;s:8:\"олія\";i:2;s:12:\"цибуля\";i:3;s:12:\"часник\";i:4;s:12:\"спеції\";i:5;s:8:\"сіль\";i:6;s:25:\"чорний перець\";i:7;s:12:\"зелень\";}','a:8:{i:0;s:3:\"420\";i:1;s:3:\"110\";i:2;s:2:\"48\";i:3;s:1:\"3\";i:4;s:1:\"7\";i:5;s:1:\"2\";i:6;s:1:\"2\";i:7;s:1:\"3\";}','a:8:{i:0;s:3:\"180\";i:1;s:2:\"40\";i:2;s:2:\"25\";i:3;s:1:\"2\";i:4;s:1:\"5\";i:5;s:1:\"1\";i:6;s:1:\"1\";i:7;s:1:\"2\";}','','Гарніри'),('Помідорки по-італійськи',69.5,317,0,'a:7:{i:0;s:23:\"помідор чері\";i:1;s:8:\"фета\";i:2;s:23:\"сир домашній\";i:3;s:14:\"маслини\";i:4;s:12:\"зелень\";i:5;s:12:\"часник\";i:6;s:12:\"спеції\";}','a:7:{i:0;s:3:\"210\";i:1;s:2:\"45\";i:2;s:2:\"55\";i:3;s:2:\"11\";i:4;s:2:\"15\";i:5;s:2:\"11\";i:6;s:1:\"3\";}','a:7:{i:0;s:3:\"200\";i:1;s:2:\"40\";i:2;s:2:\"50\";i:3;s:2:\"10\";i:4;s:2:\"10\";i:5;s:1:\"5\";i:6;s:1:\"2\";}','','Бенкетні страви'),('Рататуй',27.95,100,0,'a:3:{i:0;s:37:\"печериці мариновані\";i:1;s:14:\"маслини\";i:2;s:18:\"корнішони\";}','a:3:{i:0;s:2:\"62\";i:1;s:2:\"11\";i:2;s:2:\"33\";}','a:3:{i:0;s:2:\"60\";i:1;s:2:\"10\";i:2;s:2:\"30\";}','','Бенкетні страви'),('Рафаело Забава',48.94,172,0,'a:11:{i:0;s:6:\"сир\";i:1;s:29:\"сирок плавлений\";i:2;s:14:\"майонез\";i:3;s:12:\"оливки\";i:4;s:27:\"горіх грецький\";i:5;s:25:\"стружка кокос\";i:6;s:12:\"часник\";i:7;s:16:\"корзинка\";i:8;s:8:\"сіль\";i:9;s:25:\"чорний перець\";i:10;s:12:\"зелень\";}','a:11:{i:0;s:2:\"55\";i:1;s:2:\"33\";i:2;s:2:\"33\";i:3;s:2:\"11\";i:4;s:2:\"24\";i:5;s:2:\"22\";i:6;s:1:\"7\";i:7;s:1:\"1\";i:8;s:1:\"3\";i:9;s:1:\"3\";i:10;s:1:\"3\";}','a:11:{i:0;s:2:\"50\";i:1;s:2:\"30\";i:2;s:2:\"30\";i:3;s:2:\"10\";i:4;s:2:\"20\";i:5;s:2:\"20\";i:6;s:1:\"5\";i:7;s:1:\"1\";i:8;s:1:\"2\";i:9;s:1:\"2\";i:10;s:1:\"2\";}','','Бенкетні страви'),('Риба під маринадом',53.5,176,0,'a:11:{i:0;s:6:\"хек\";i:1;s:12:\"морква\";i:2;s:35:\"перець болгарський\";i:3;s:12:\"кетчуп\";i:4;s:12:\"цибуля\";i:5;s:14:\"помідор\";i:6;s:12:\"спеції\";i:7;s:8:\"сіль\";i:8;s:25:\"чорний перець\";i:9;s:12:\"зелень\";i:10;s:8:\"олія\";}','a:11:{i:0;s:3:\"130\";i:1;s:2:\"14\";i:2;s:2:\"13\";i:3;s:2:\"11\";i:4;s:2:\"24\";i:5;s:2:\"23\";i:6;s:1:\"3\";i:7;s:1:\"2\";i:8;s:1:\"2\";i:9;s:1:\"3\";i:10;s:2:\"33\";}','a:11:{i:0;s:2:\"80\";i:1;s:2:\"10\";i:2;s:2:\"10\";i:3;s:2:\"10\";i:4;s:2:\"10\";i:5;s:2:\"20\";i:6;s:1:\"2\";i:7;s:1:\"1\";i:8;s:1:\"1\";i:9;s:1:\"2\";i:10;s:2:\"30\";}','','Бенкетні страви'),('Рибка по-галицьки',58,150,-0.64,'a:11:{i:0;s:6:\"хек\";i:1;s:8:\"яйце\";i:2;s:8:\"мука\";i:3;s:10:\"лимон\";i:4;s:6:\"сир\";i:5;s:16:\"печериці\";i:6;s:14:\"майонез\";i:7;s:8:\"олія\";i:8;s:8:\"сіль\";i:9;s:25:\"чорний перець\";i:10;s:12:\"зелень\";}','a:11:{i:0;s:3:\"130\";i:1;s:3:\"0.5\";i:2;s:2:\"11\";i:3;s:2:\"15\";i:4;s:2:\"20\";i:5;s:2:\"30\";i:6;s:2:\"10\";i:7;s:2:\"33\";i:8;s:1:\"2\";i:9;s:1:\"2\";i:10;s:1:\"3\";}','a:11:{i:0;s:2:\"90\";i:1;s:2:\"20\";i:2;s:2:\"10\";i:3;s:2:\"10\";i:4;s:2:\"18\";i:5;s:2:\"15\";i:6;s:1:\"8\";i:7;s:2:\"20\";i:8;s:1:\"1\";i:9;s:1:\"1\";i:10;s:1:\"2\";}','','Страви з риби'),('Рис з овочами',20.7,266,0,'a:7:{i:0;s:6:\"рис\";i:1;s:10:\"масло\";i:2;s:35:\"перець болгарський\";i:3;s:12:\"морква\";i:4;s:27:\"горошок консер\";i:5;s:33:\"кукурудза консерв\";i:6;s:12:\"цибуля\";}','a:7:{i:0;s:2:\"80\";i:1;s:2:\"22\";i:2;s:2:\"30\";i:3;s:2:\"25\";i:4;s:2:\"20\";i:5;s:2:\"20\";i:6;s:2:\"25\";}','a:7:{i:0;s:3:\"160\";i:1;s:2:\"20\";i:2;s:2:\"25\";i:3;s:2:\"15\";i:4;s:2:\"18\";i:5;s:2:\"18\";i:6;s:2:\"10\";}','','Гарніри'),('Рис з шинкою та вершками',26.38,217,0,'a:8:{i:0;s:6:\"рис\";i:1;s:10:\"шинка\";i:2;s:10:\"масло\";i:3;s:12:\"вершки\";i:4;s:27:\"цибуля червона\";i:5;s:8:\"сіль\";i:6;s:12:\"спеції\";i:7;s:12:\"салата\";}','a:8:{i:0;s:2:\"55\";i:1;s:2:\"33\";i:2;s:2:\"11\";i:3;s:2:\"22\";i:4;s:2:\"13\";i:5;s:1:\"2\";i:6;s:1:\"2\";i:7;s:1:\"7\";}','a:8:{i:0;s:3:\"140\";i:1;s:2:\"30\";i:2;s:2:\"10\";i:3;s:2:\"20\";i:4;s:2:\"10\";i:5;s:1:\"1\";i:6;s:1:\"1\";i:7;s:1:\"5\";}','','Гарніри'),('Рубці',49.3,234,0,'a:10:{i:0;s:10:\"рубці\";i:1;s:12:\"цибуля\";i:2;s:12:\"часник\";i:3;s:29:\"сметана домашня\";i:4;s:25:\"томатна паста\";i:5;s:8:\"олія\";i:6;s:12:\"спеції\";i:7;s:8:\"сіль\";i:8;s:25:\"чорний перець\";i:9;s:12:\"зелень\";}','a:10:{i:0;s:3:\"220\";i:1;s:2:\"55\";i:2;s:1:\"6\";i:3;s:2:\"34\";i:4;s:2:\"15\";i:5;s:2:\"33\";i:6;s:1:\"5\";i:7;s:1:\"3\";i:8;s:1:\"2\";i:9;s:1:\"3\";}','a:10:{i:0;s:3:\"120\";i:1;s:2:\"30\";i:2;s:1:\"4\";i:3;s:2:\"30\";i:4;s:2:\"12\";i:5;s:2:\"30\";i:6;s:1:\"3\";i:7;s:1:\"2\";i:8;s:1:\"1\";i:9;s:1:\"2\";}','','Домашні страви'),('Рулет горіховий',527.74,1000,0,'a:9:{i:0;s:6:\"шия\";i:1;s:27:\"горіх грецький\";i:2;s:6:\"сир\";i:3;s:8:\"яйце\";i:4;s:14:\"майонез\";i:5;s:8:\"сіль\";i:6;s:25:\"чорний перець\";i:7;s:12:\"спеції\";i:8;s:37:\"сухарі панірувальні\";}','a:9:{i:0;s:4:\"1300\";i:1;s:3:\"210\";i:2;s:3:\"110\";i:3;s:1:\"2\";i:4;s:2:\"22\";i:5;s:1:\"6\";i:6;s:1:\"5\";i:7;s:2:\"11\";i:8;s:2:\"55\";}','a:9:{i:0;s:3:\"900\";i:1;s:3:\"200\";i:2;s:3:\"100\";i:3;s:2:\"80\";i:4;s:2:\"20\";i:5;s:1:\"4\";i:6;s:1:\"3\";i:7;s:2:\"10\";i:8;s:2:\"50\";}','','Бенкетні страви'),('Рулет курячий',375.08,1000,0,'a:10:{i:0;s:10:\"курка\";i:1;s:21:\"філе куряче\";i:2;s:8:\"яйце\";i:3;s:35:\"перець болгарський\";i:4;s:25:\"гірчиця франц\";i:5;s:14:\"желатин\";i:6;s:21:\"соус соєвий\";i:7;s:25:\"чорний перець\";i:8;s:12:\"спеції\";i:9;s:8:\"сіль\";}','a:10:{i:0;s:4:\"1800\";i:1;s:3:\"330\";i:2;s:1:\"3\";i:3;s:2:\"65\";i:4;s:2:\"11\";i:5;s:2:\"44\";i:6;s:2:\"11\";i:7;s:1:\"6\";i:8;s:2:\"22\";i:9;s:1:\"5\";}','a:10:{i:0;s:3:\"800\";i:1;s:3:\"300\";i:2;s:1:\"3\";i:3;s:2:\"50\";i:4;s:2:\"10\";i:5;s:2:\"40\";i:6;s:2:\"10\";i:7;s:1:\"5\";i:8;s:2:\"20\";i:9;s:1:\"4\";}','','Бенкетні страви'),('Салат Англійський',43.87,200,0,'a:11:{i:0;s:27:\"печінка куряча\";i:1;s:37:\"печериці мариновані\";i:2;s:8:\"яйце\";i:3;s:6:\"сир\";i:4;s:14:\"помідор\";i:5;s:12:\"салата\";i:6;s:25:\"гірчиця франц\";i:7;s:14:\"майонез\";i:8;s:25:\"чорний перець\";i:9;s:8:\"сіль\";i:10;s:12:\"зелень\";}','a:11:{i:0;s:2:\"70\";i:1;s:2:\"33\";i:2;s:3:\"0.5\";i:3;s:2:\"22\";i:4;s:2:\"53\";i:5;s:2:\"15\";i:6;s:1:\"6\";i:7;s:2:\"33\";i:8;s:1:\"2\";i:9;s:1:\"2\";i:10;s:1:\"3\";}','a:11:{i:0;s:2:\"40\";i:1;s:2:\"30\";i:2;s:2:\"20\";i:3;s:2:\"20\";i:4;s:2:\"45\";i:5;s:2:\"10\";i:6;s:1:\"5\";i:7;s:2:\"30\";i:8;s:1:\"1\";i:9;s:1:\"1\";i:10;s:1:\"2\";}','','Салати'),('Салат Бадьорість',30,180,3.125,'a:14:{i:0;s:14:\"капуста\";i:1;s:18:\"чорнослив\";i:2;s:12:\"яблуко\";i:3;s:16:\"родзинки\";i:4;s:12:\"морква\";i:5;s:25:\"корінь селери\";i:6;s:27:\"горіх грецький\";i:7;s:10:\"лимон\";i:8;s:25:\"олія оливкова\";i:9;s:8:\"олія\";i:10;s:25:\"чорний перець\";i:11;s:8:\"сіль\";i:12;s:12:\"зелень\";i:13;s:10:\"цукор\";}','a:14:{i:0;s:3:\"120\";i:1;s:2:\"13\";i:2;s:2:\"60\";i:3;s:2:\"11\";i:4;s:2:\"26\";i:5;s:2:\"23\";i:6;s:1:\"7\";i:7;s:2:\"12\";i:8;s:2:\"11\";i:9;s:2:\"11\";i:10;s:1:\"2\";i:11;s:1:\"2\";i:12;s:1:\"3\";i:13;s:1:\"5\";}','a:14:{i:0;s:2:\"60\";i:1;s:2:\"10\";i:2;s:2:\"40\";i:3;s:2:\"10\";i:4;s:2:\"20\";i:5;s:2:\"10\";i:6;s:1:\"5\";i:7;s:1:\"5\";i:8;s:2:\"10\";i:9;s:2:\"10\";i:10;s:1:\"2\";i:11;s:1:\"2\";i:12;s:1:\"2\";i:13;s:1:\"5\";}','','Салати'),('Салат Бенкетний',46.08,254,0,'a:11:{i:0;s:16:\"картопля\";i:1;s:12:\"морква\";i:2;s:6:\"сир\";i:3;s:37:\"печериці мариновані\";i:4;s:27:\"печінка індича\";i:5;s:12:\"цибуля\";i:6;s:14:\"майонез\";i:7;s:25:\"чорний перець\";i:8;s:8:\"сіль\";i:9;s:12:\"зелень\";i:10;s:12:\"салата\";}','a:11:{i:0;s:2:\"50\";i:1;s:2:\"27\";i:2;s:2:\"33\";i:3;s:2:\"50\";i:4;s:2:\"90\";i:5;s:2:\"24\";i:6;s:2:\"65\";i:7;s:1:\"2\";i:8;s:1:\"2\";i:9;s:1:\"3\";i:10;s:1:\"7\";}','a:11:{i:0;s:2:\"30\";i:1;s:2:\"20\";i:2;s:2:\"30\";i:3;s:2:\"45\";i:4;s:2:\"50\";i:5;s:2:\"10\";i:6;s:2:\"60\";i:7;s:1:\"1\";i:8;s:1:\"1\";i:9;s:1:\"2\";i:10;s:1:\"5\";}','','Бенкетні страви'),('Салат Грецький',42.93,203,0.01,'a:13:{i:0;s:12:\"огірок\";i:1;s:14:\"помідор\";i:2;s:35:\"перець болгарський\";i:3;s:8:\"фета\";i:4;s:14:\"маслини\";i:5;s:27:\"цибуля червона\";i:6;s:25:\"олія оливкова\";i:7;s:10:\"лимон\";i:8;s:8:\"сіль\";i:9;s:25:\"чорний перець\";i:10;s:12:\"зелень\";i:11;s:12:\"салата\";i:12;s:21:\"соус соєвий\";}','a:13:{i:0;s:2:\"55\";i:1;s:2:\"45\";i:2;s:2:\"45\";i:3;s:2:\"30\";i:4;s:2:\"16\";i:5;s:1:\"8\";i:6;s:2:\"10\";i:7;s:2:\"12\";i:8;s:1:\"2\";i:9;s:1:\"1\";i:10;s:1:\"2\";i:11;s:2:\"20\";i:12;s:1:\"4\";}','a:13:{i:0;s:2:\"45\";i:1;s:2:\"40\";i:2;s:2:\"35\";i:3;s:2:\"25\";i:4;s:2:\"14\";i:5;s:1:\"5\";i:6;s:1:\"8\";i:7;s:1:\"7\";i:8;s:1:\"2\";i:9;s:1:\"1\";i:10;s:1:\"2\";i:11;s:2:\"16\";i:12;s:1:\"3\";}','','Салати'),('Салат Дністер',21.31,150,0,'a:8:{i:0;s:14:\"капуста\";i:1;s:27:\"горошок консер\";i:2;s:29:\"ковбаса молочна\";i:3;s:14:\"майонез\";i:4;s:12:\"салата\";i:5;s:8:\"сіль\";i:6;s:25:\"чорний перець\";i:7;s:12:\"зелень\";}','a:8:{i:0;s:3:\"115\";i:1;s:2:\"33\";i:2;s:2:\"33\";i:3;s:2:\"33\";i:4;s:1:\"5\";i:5;s:1:\"2\";i:6;s:1:\"2\";i:7;s:1:\"3\";}','a:8:{i:0;s:2:\"60\";i:1;s:2:\"30\";i:2;s:2:\"30\";i:3;s:2:\"30\";i:4;s:1:\"3\";i:5;s:1:\"1\";i:6;s:1:\"1\";i:7;s:1:\"2\";}','','Салати'),('Салат Елітний',42.83,195,0.26,'a:9:{i:0;s:10:\"шинка\";i:1;s:35:\"перець болгарський\";i:2;s:29:\"огірок квашений\";i:3;s:8:\"яйце\";i:4;s:14:\"помідор\";i:5;s:14:\"майонез\";i:6;s:12:\"салата\";i:7;s:25:\"чорний перець\";i:8;s:8:\"сіль\";}','a:9:{i:0;s:2:\"44\";i:1;s:2:\"49\";i:2;s:2:\"22\";i:3;s:3:\"0.5\";i:4;s:2:\"48\";i:5;s:2:\"33\";i:6;s:1:\"5\";i:7;s:1:\"2\";i:8;s:1:\"2\";}','a:9:{i:0;s:2:\"40\";i:1;s:2:\"40\";i:2;s:2:\"20\";i:3;s:2:\"20\";i:4;s:2:\"40\";i:5;s:2:\"30\";i:6;s:1:\"3\";i:7;s:1:\"1\";i:8;s:1:\"1\";}','','Салати'),('Салат з квашеної капусти',23.55,175,7.62,'a:5:{i:0;s:29:\"капуста квашена\";i:1;s:8:\"олія\";i:2;s:12:\"цибуля\";i:3;s:8:\"сіль\";i:4;s:25:\"чорний перець\";}','a:5:{i:0;s:3:\"150\";i:1;s:2:\"15\";i:2;s:2:\"30\";i:3;s:1:\"2\";i:4;s:1:\"2\";}','a:5:{i:0;s:3:\"140\";i:1;s:2:\"13\";i:2;s:2:\"20\";i:3;s:1:\"1\";i:4;s:1:\"1\";}','','Салати'),('Салат Калейдоскоп',59.77,304,-0.11,'a:11:{i:0;s:10:\"чіпси\";i:1;s:29:\"крабові палички\";i:2;s:35:\"перець болгарський\";i:3;s:12:\"огірок\";i:4;s:33:\"кукурудза консерв\";i:5;s:10:\"порей\";i:6;s:6:\"сир\";i:7;s:14:\"майонез\";i:8;s:8:\"сіль\";i:9;s:25:\"чорний перець\";i:10;s:12:\"зелень\";}','a:11:{i:0;s:2:\"40\";i:1;s:2:\"63\";i:2;s:2:\"53\";i:3;s:2:\"62\";i:4;s:2:\"33\";i:5;s:2:\"15\";i:6;s:2:\"33\";i:7;s:2:\"44\";i:8;s:1:\"2\";i:9;s:1:\"2\";i:10;s:1:\"3\";}','a:11:{i:0;s:2:\"40\";i:1;s:2:\"60\";i:2;s:2:\"40\";i:3;s:2:\"50\";i:4;s:2:\"30\";i:5;s:2:\"10\";i:6;s:2:\"30\";i:7;s:2:\"40\";i:8;s:1:\"1\";i:9;s:1:\"1\";i:10;s:1:\"2\";}','','Бенкетні страви'),('Салат Капрезе',64.58,330,0,'a:8:{i:0;s:14:\"помідор\";i:1;s:16:\"моцарела\";i:2;s:27:\"горіх грецький\";i:3;s:25:\"олія оливкова\";i:4;s:10:\"лимон\";i:5;s:8:\"сіль\";i:6;s:25:\"чорний перець\";i:7;s:12:\"зелень\";}','a:8:{i:0;s:3:\"240\";i:1;s:2:\"75\";i:2;s:2:\"12\";i:3;s:2:\"15\";i:4;s:2:\"24\";i:5;s:1:\"2\";i:6;s:1:\"2\";i:7;s:1:\"7\";}','a:8:{i:0;s:3:\"220\";i:1;s:2:\"70\";i:2;s:2:\"10\";i:3;s:2:\"13\";i:4;s:2:\"10\";i:5;s:1:\"1\";i:6;s:1:\"1\";i:7;s:1:\"5\";}','','Бенкетні страви'),('Салат Крабовий',39.24,197,0,'a:9:{i:0;s:29:\"крабові палички\";i:1;s:12:\"огірок\";i:2;s:6:\"сир\";i:3;s:33:\"кукурудза консерв\";i:4;s:14:\"майонез\";i:5;s:8:\"яйце\";i:6;s:25:\"чорний перець\";i:7;s:8:\"сіль\";i:8;s:12:\"зелень\";}','a:9:{i:0;s:2:\"45\";i:1;s:2:\"50\";i:2;s:2:\"35\";i:3;s:2:\"22\";i:4;s:2:\"33\";i:5;s:3:\"0.5\";i:6;s:1:\"2\";i:7;s:1:\"2\";i:8;s:2:\"20\";}','a:9:{i:0;s:2:\"40\";i:1;s:2:\"40\";i:2;s:2:\"30\";i:3;s:2:\"20\";i:4;s:2:\"30\";i:5;s:2:\"20\";i:6;s:1:\"1\";i:7;s:1:\"1\";i:8;s:2:\"15\";}','','Салати'),('Салат Курочка ряба',47,186,1.04,'a:10:{i:0;s:21:\"філе куряче\";i:1;s:37:\"печериці мариновані\";i:2;s:6:\"сир\";i:3;s:21:\"ананас конс\";i:4;s:8:\"яйце\";i:5;s:8:\"сіль\";i:6;s:25:\"чорний перець\";i:7;s:12:\"салата\";i:8;s:14:\"майонез\";i:9;s:12:\"зелень\";}','a:10:{i:0;s:2:\"60\";i:1;s:2:\"33\";i:2;s:2:\"33\";i:3;s:2:\"30\";i:4;s:3:\"0.5\";i:5;s:1:\"2\";i:6;s:1:\"2\";i:7;s:1:\"7\";i:8;s:2:\"33\";i:9;s:1:\"3\";}','a:10:{i:0;s:2:\"40\";i:1;s:2:\"30\";i:2;s:2:\"30\";i:3;s:2:\"27\";i:4;s:2:\"20\";i:5;s:1:\"1\";i:6;s:1:\"1\";i:7;s:1:\"5\";i:8;s:2:\"30\";i:9;s:1:\"2\";}','','Салати'),('Салат Олівє',28.98,209,0,'a:10:{i:0;s:16:\"картопля\";i:1;s:12:\"морква\";i:2;s:29:\"огірок квашений\";i:3;s:27:\"горошок консер\";i:4;s:8:\"яйце\";i:5;s:29:\"ковбаса молочна\";i:6;s:8:\"сіль\";i:7;s:25:\"чорний перець\";i:8;s:14:\"майонез\";i:9;s:12:\"зелень\";}','a:10:{i:0;s:2:\"43\";i:1;s:2:\"27\";i:2;s:2:\"27\";i:3;s:2:\"33\";i:4;s:1:\"1\";i:5;s:2:\"33\";i:6;s:1:\"2\";i:7;s:1:\"2\";i:8;s:2:\"42\";i:9;s:1:\"3\";}','a:10:{i:0;s:2:\"30\";i:1;s:2:\"20\";i:2;s:2:\"20\";i:3;s:2:\"30\";i:4;s:2:\"40\";i:5;s:2:\"30\";i:6;s:1:\"1\";i:7;s:1:\"1\";i:8;s:2:\"35\";i:9;s:1:\"2\";}','','Салати'),('Салат Пекінський',24.17,160,0,'a:6:{i:0;s:33:\"капуста пекінська\";i:1;s:35:\"перець болгарський\";i:2;s:12:\"огірок\";i:3;s:8:\"яйце\";i:4;s:29:\"крабові палички\";i:5;s:14:\"майонез\";}','a:6:{i:0;s:2:\"55\";i:1;s:2:\"25\";i:2;s:2:\"25\";i:3;s:3:\"0.5\";i:4;s:2:\"35\";i:5;s:2:\"33\";}','a:6:{i:0;s:2:\"40\";i:1;s:2:\"20\";i:2;s:2:\"20\";i:3;s:2:\"20\";i:4;s:2:\"30\";i:5;s:2:\"30\";}','','Салати'),('Салат Сезонний',30.21,177,0.1,'a:5:{i:0;s:12:\"огірок\";i:1;s:14:\"помідор\";i:2;s:12:\"салата\";i:3;s:14:\"сметана\";i:4;s:25:\"чорний перець\";}','a:5:{i:0;s:2:\"85\";i:1;s:2:\"90\";i:2;s:2:\"15\";i:3;s:2:\"25\";i:4;s:1:\"2\";}','a:5:{i:0;s:2:\"70\";i:1;s:2:\"75\";i:2;s:2:\"10\";i:3;s:2:\"20\";i:4;s:1:\"2\";}','','Салати'),('Салат Смакота',44.15,213,-0.27,'a:8:{i:0;s:21:\"філе куряче\";i:1;s:12:\"огірок\";i:2;s:14:\"помідор\";i:3;s:12:\"цибуля\";i:4;s:12:\"зелень\";i:5;s:8:\"яйце\";i:6;s:14:\"майонез\";i:7;s:12:\"спеції\";}','a:8:{i:0;s:3:\"140\";i:1;s:2:\"38\";i:2;s:2:\"50\";i:3;s:2:\"20\";i:4;s:1:\"3\";i:5;s:3:\"0.5\";i:6;s:2:\"30\";i:7;s:1:\"2\";}','a:8:{i:0;s:2:\"80\";i:1;s:2:\"30\";i:2;s:2:\"40\";i:3;s:2:\"15\";i:4;s:1:\"2\";i:5;s:2:\"20\";i:6;s:2:\"25\";i:7;s:1:\"1\";}','','Салати'),('Салат Тайський',51.02,207,0.4,'a:14:{i:0;s:21:\"філе куряче\";i:1;s:12:\"огірок\";i:2;s:14:\"помідор\";i:3;s:12:\"салата\";i:4;s:35:\"перець болгарський\";i:5;s:27:\"цибуля червона\";i:6;s:12:\"кунжут\";i:7;s:21:\"соус соєвий\";i:8;s:25:\"олія оливкова\";i:9;s:19:\"сік лимона\";i:10;s:17:\"соус чилі\";i:11;s:25:\"чорний перець\";i:12;s:8:\"сіль\";i:13;s:12:\"зелень\";}','a:14:{i:0;s:2:\"60\";i:1;s:2:\"36\";i:2;s:2:\"48\";i:3;s:2:\"43\";i:4;s:2:\"39\";i:5;s:1:\"7\";i:6;s:1:\"6\";i:7;s:2:\"11\";i:8;s:2:\"11\";i:9;s:1:\"5\";i:10;s:2:\"11\";i:11;s:1:\"2\";i:12;s:1:\"2\";i:13;s:1:\"3\";}','a:14:{i:0;s:2:\"30\";i:1;s:2:\"30\";i:2;s:2:\"40\";i:3;s:2:\"30\";i:4;s:2:\"30\";i:5;s:1:\"5\";i:6;s:1:\"5\";i:7;s:2:\"10\";i:8;s:2:\"10\";i:9;s:1:\"3\";i:10;s:2:\"10\";i:11;s:1:\"1\";i:12;s:1:\"1\";i:13;s:1:\"2\";}','','Салати'),('Салат Фігаро',62.05,271,0,'a:11:{i:0;s:14:\"помідор\";i:1;s:12:\"огірок\";i:2;s:21:\"філе куряче\";i:3;s:17:\"сир лазур\";i:4;s:14:\"майонез\";i:5;s:21:\"соус соєвий\";i:6;s:12:\"салата\";i:7;s:16:\"сухарики\";i:8;s:25:\"чорний перець\";i:9;s:8:\"сіль\";i:10;s:12:\"зелень\";}','a:11:{i:0;s:2:\"55\";i:1;s:2:\"48\";i:2;s:2:\"75\";i:3;s:2:\"50\";i:4;s:2:\"45\";i:5;s:2:\"20\";i:6;s:2:\"20\";i:7;s:2:\"10\";i:8;s:1:\"2\";i:9;s:1:\"2\";i:10;s:1:\"3\";}','a:11:{i:0;s:2:\"50\";i:1;s:2:\"40\";i:2;s:2:\"55\";i:3;s:2:\"40\";i:4;s:2:\"40\";i:5;s:2:\"17\";i:6;s:2:\"15\";i:7;s:2:\"10\";i:8;s:1:\"1\";i:9;s:1:\"1\";i:10;s:1:\"2\";}','','Бенкетні страви,Салати'),('Салат Цезар з куркою',83.43,277,0,'a:11:{i:0;s:21:\"філе куряче\";i:1;s:31:\"шпондер копчений\";i:2;s:14:\"помідор\";i:3;s:12:\"огірок\";i:4;s:21:\"соус соєвий\";i:5;s:12:\"спеції\";i:6;s:16:\"пармезан\";i:7;s:12:\"салата\";i:8;s:16:\"сухарики\";i:9;s:29:\"яйце перепелине\";i:10;s:23:\"соус цезар 1п\";}','a:11:{i:0;s:2:\"80\";i:1;s:2:\"33\";i:2;s:2:\"35\";i:3;s:2:\"38\";i:4;s:1:\"6\";i:5;s:1:\"3\";i:6;s:2:\"24\";i:7;s:2:\"71\";i:8;s:2:\"10\";i:9;s:1:\"2\";i:10;s:1:\"1\";}','a:11:{i:0;s:2:\"50\";i:1;s:2:\"30\";i:2;s:2:\"30\";i:3;s:2:\"30\";i:4;s:1:\"5\";i:5;s:1:\"2\";i:6;s:2:\"20\";i:7;s:2:\"50\";i:8;s:2:\"10\";i:9;s:2:\"10\";i:10;s:2:\"40\";}','','Бенкетні страви,Салати'),('Салат Шуба',36.59,280,0,'a:9:{i:0;s:10:\"буряк\";i:1;s:16:\"картопля\";i:2;s:12:\"морква\";i:3;s:12:\"цибуля\";i:4;s:18:\"оселедець\";i:5;s:14:\"майонез\";i:6;s:25:\"чорний перець\";i:7;s:8:\"сіль\";i:8;s:12:\"зелень\";}','a:9:{i:0;s:2:\"60\";i:1;s:2:\"75\";i:2;s:2:\"50\";i:3;s:2:\"20\";i:4;s:3:\"100\";i:5;s:2:\"60\";i:6;s:1:\"2\";i:7;s:1:\"2\";i:8;s:1:\"3\";}','a:9:{i:0;s:2:\"45\";i:1;s:2:\"65\";i:2;s:2:\"35\";i:3;s:2:\"15\";i:4;s:2:\"90\";i:5;s:2:\"55\";i:6;s:1:\"1\";i:7;s:1:\"1\";i:8;s:1:\"2\";}','','Салати'),('Сало з часником',22.94,121,0,'a:4:{i:0;s:28:\"сало з спеціями\";i:1;s:12:\"часник\";i:2;s:14:\"гірчиця\";i:3;s:12:\"зелень\";}','a:4:{i:0;s:3:\"105\";i:1;s:2:\"14\";i:2;s:2:\"11\";i:3;s:1:\"2\";}','a:4:{i:0;s:3:\"100\";i:1;s:2:\"10\";i:2;s:2:\"10\";i:3;s:1:\"1\";}','','Холодні закуски'),('Сир фрі',40.105,140,0,'a:7:{i:0;s:6:\"сир\";i:1;s:8:\"олія\";i:2;s:8:\"мука\";i:3;s:8:\"яйце\";i:4;s:37:\"сухарі панірувальні\";i:5;s:12:\"кунжут\";i:6;s:12:\"зелень\";}','a:7:{i:0;s:3:\"120\";i:1;s:2:\"44\";i:2;s:2:\"11\";i:3;s:3:\"0.5\";i:4;s:2:\"22\";i:5;s:1:\"5\";i:6;s:1:\"3\";}','a:7:{i:0;s:3:\"120\";i:1;s:2:\"10\";i:2;s:2:\"10\";i:3;s:2:\"20\";i:4;s:2:\"20\";i:5;s:1:\"3\";i:6;s:1:\"2\";}','','Гарячі закуски'),('Сир фрі зі шпондером',49.75,150,0,'a:6:{i:0;s:6:\"сир\";i:1;s:31:\"шпондер копчений\";i:2;s:37:\"сухарі панірувальні\";i:3;s:8:\"яйце\";i:4;s:8:\"олія\";i:5;s:12:\"зелень\";}','a:6:{i:0;s:2:\"90\";i:1;s:2:\"65\";i:2;s:2:\"21\";i:3;s:3:\"0.5\";i:4;s:2:\"40\";i:5;s:1:\"3\";}','a:6:{i:0;s:2:\"90\";i:1;s:2:\"50\";i:2;s:2:\"20\";i:3;s:2:\"20\";i:4;s:2:\"10\";i:5;s:1:\"2\";}','','Гарячі закуски'),('Сирне асорті',78.3,200,0,'a:5:{i:0;s:17:\"сир лазур\";i:1;s:31:\"сир королівський\";i:2;s:25:\"сир горіховий\";i:3;s:27:\"горіх грецький\";i:4;s:6:\"мед\";}','a:5:{i:0;s:2:\"55\";i:1;s:2:\"55\";i:2;s:2:\"55\";i:3;s:2:\"22\";i:4;s:2:\"30\";}','a:5:{i:0;s:2:\"50\";i:1;s:2:\"50\";i:2;s:2:\"50\";i:3;s:2:\"20\";i:4;s:2:\"30\";}','','Бенкетні страви'),('Слойка',18,82.25,-0.065,'a:5:{i:0;s:27:\"тісто листкове\";i:1;s:42:\"фарш на млинці і слойку\";i:2;s:8:\"яйце\";i:3;s:12:\"кунжут\";i:4;s:8:\"олія\";}','a:5:{i:0;s:2:\"50\";i:1;s:2:\"33\";i:2;s:4:\"0.25\";i:3;s:1:\"5\";i:4;s:1:\"2\";}','a:5:{i:0;s:2:\"45\";i:1;s:2:\"30\";i:2;s:4:\"0.25\";i:3;s:1:\"5\";i:4;s:1:\"2\";}','','Бенкетні страви'),('Солянка 10п',417.15,2311,0,'a:19:{i:0;s:8:\"олія\";i:1;s:10:\"нирки\";i:2;s:23:\"серце теляче\";i:3;s:33:\"сосиски баварські\";i:4;s:14:\"шпондер\";i:5;s:37:\"ковбаса дрогобицька\";i:6;s:29:\"огірок квашений\";i:7;s:12:\"цибуля\";i:8;s:25:\"томатна паста\";i:9;s:14:\"маслини\";i:10;s:29:\"перець духмяний\";i:11;s:10:\"лимон\";i:12;s:25:\"лавровий лист\";i:13;s:14:\"кухарик\";i:14;s:12:\"спеції\";i:15;s:14:\"паприка\";i:16;s:14:\"сметана\";i:17;s:8:\"сіль\";i:18;s:12:\"зелень\";}','a:19:{i:0;s:2:\"55\";i:1;s:3:\"700\";i:2;s:3:\"550\";i:3;s:3:\"100\";i:4;s:3:\"230\";i:5;s:3:\"220\";i:6;s:3:\"350\";i:7;s:3:\"450\";i:8;s:3:\"210\";i:9;s:2:\"55\";i:10;s:1:\"3\";i:11;s:3:\"100\";i:12;s:1:\"3\";i:13;s:2:\"22\";i:14;s:2:\"11\";i:15;s:1:\"3\";i:16;s:3:\"220\";i:17;s:2:\"11\";i:18;s:2:\"28\";}','a:19:{i:0;s:2:\"50\";i:1;s:3:\"380\";i:2;s:3:\"300\";i:3;s:2:\"70\";i:4;s:3:\"200\";i:5;s:3:\"200\";i:6;s:3:\"300\";i:7;s:3:\"200\";i:8;s:3:\"200\";i:9;s:2:\"53\";i:10;s:1:\"0\";i:11;s:2:\"95\";i:12;s:1:\"0\";i:13;s:2:\"20\";i:14;s:2:\"10\";i:15;s:1:\"3\";i:16;s:3:\"200\";i:17;s:2:\"10\";i:18;s:2:\"20\";}','','Перші страви'),('Соус до Цезаря 10п',80,400,1.39,'a:10:{i:0;s:8:\"яйце\";i:1;s:25:\"олія оливкова\";i:2;s:8:\"олія\";i:3;s:14:\"гірчиця\";i:4;s:19:\"сік лимона\";i:5;s:12:\"часник\";i:6;s:16:\"пармезан\";i:7;s:12:\"зелень\";i:8;s:25:\"чорний перець\";i:9;s:8:\"сіль\";}','a:10:{i:0;s:1:\"2\";i:1;s:3:\"150\";i:2;s:3:\"130\";i:3;s:1:\"6\";i:4;s:2:\"26\";i:5;s:2:\"12\";i:6;s:2:\"26\";i:7;s:2:\"15\";i:8;s:1:\"4\";i:9;s:1:\"3\";}','a:10:{i:0;s:2:\"80\";i:1;s:3:\"150\";i:2;s:3:\"130\";i:3;s:1:\"5\";i:4;s:2:\"20\";i:5;s:1:\"8\";i:6;s:2:\"25\";i:7;s:2:\"10\";i:8;s:1:\"2\";i:9;s:1:\"2\";}','','Бенкетні страви'),('Стейк курячий',37.43,100,0,'a:10:{i:0;s:21:\"філе куряче\";i:1;s:8:\"олія\";i:2;s:21:\"соус соєвий\";i:3;s:8:\"сіль\";i:4;s:25:\"чорний перець\";i:5;s:12:\"спеції\";i:6;s:12:\"зелень\";i:7;s:12:\"кетчуп\";i:8;s:14:\"гірчиця\";i:9;s:14:\"майонез\";}','a:10:{i:0;s:3:\"160\";i:1;s:2:\"11\";i:2;s:1:\"3\";i:3;s:1:\"2\";i:4;s:1:\"2\";i:5;s:1:\"2\";i:6;s:1:\"3\";i:7;s:2:\"20\";i:8;s:1:\"6\";i:9;s:2:\"16\";}','a:10:{i:0;s:3:\"100\";i:1;s:2:\"10\";i:2;s:1:\"1\";i:3;s:1:\"1\";i:4;s:1:\"1\";i:5;s:1:\"1\";i:6;s:1:\"2\";i:7;s:2:\"15\";i:8;s:1:\"5\";i:9;s:2:\"10\";}','','Страви з курки'),('Стейк свинний',48.86,100,0,'a:6:{i:0;s:31:\"полядвиця свинна\";i:1;s:8:\"олія\";i:2;s:21:\"соус соєвий\";i:3;s:8:\"сіль\";i:4;s:12:\"спеції\";i:5;s:12:\"зелень\";}','a:6:{i:0;s:3:\"145\";i:1;s:2:\"22\";i:2;s:1:\"5\";i:3;s:1:\"2\";i:4;s:1:\"3\";i:5;s:1:\"3\";}','a:6:{i:0;s:3:\"100\";i:1;s:2:\"20\";i:2;s:1:\"3\";i:3;s:1:\"1\";i:4;s:1:\"2\";i:5;s:1:\"2\";}','','Страви з свинини'),('Суп овочевий',230,2118,-13.06,'a:16:{i:0;s:25:\"курячий набір\";i:1;s:16:\"картопля\";i:2;s:12:\"морква\";i:3;s:29:\"корінь петрушки\";i:4;s:14:\"капуста\";i:5;s:27:\"капуста цвітна\";i:6;s:35:\"перець болгарський\";i:7;s:14:\"помідор\";i:8;s:8:\"олія\";i:9;s:12:\"цибуля\";i:10;s:14:\"кухарик\";i:11;s:25:\"лавровий лист\";i:12;s:29:\"перець духмяний\";i:13;s:25:\"чорний перець\";i:14;s:8:\"сіль\";i:15;s:12:\"зелень\";}','a:16:{i:0;s:3:\"800\";i:1;s:3:\"580\";i:2;s:3:\"125\";i:3;s:2:\"53\";i:4;s:3:\"380\";i:5;s:3:\"500\";i:6;s:3:\"133\";i:7;s:3:\"118\";i:8;s:2:\"55\";i:9;s:3:\"120\";i:10;s:2:\"22\";i:11;s:1:\"3\";i:12;s:1:\"3\";i:13;s:2:\"11\";i:14;s:2:\"11\";i:15;s:2:\"28\";}','a:16:{i:0;s:3:\"650\";i:1;s:3:\"400\";i:2;s:3:\"100\";i:3;s:2:\"40\";i:4;s:3:\"200\";i:5;s:3:\"350\";i:6;s:3:\"100\";i:7;s:3:\"100\";i:8;s:2:\"50\";i:9;s:2:\"70\";i:10;s:2:\"20\";i:11;s:1:\"0\";i:12;s:1:\"0\";i:13;s:1:\"8\";i:14;s:2:\"10\";i:15;s:2:\"20\";}','','Перші страви'),('Тісто для вареників',70,1000,28.3,'a:4:{i:0;s:8:\"мука\";i:1;s:8:\"яйце\";i:2;s:8:\"сіль\";i:3;s:8:\"олія\";}','a:4:{i:0;s:3:\"720\";i:1;s:1:\"3\";i:2;s:2:\"12\";i:3;s:2:\"22\";}','a:4:{i:0;s:3:\"720\";i:1;s:1:\"3\";i:2;s:2:\"12\";i:3;s:2:\"20\";}','','null'),('Тісто на млинці',78.105,1586,0,'a:6:{i:0;s:8:\"мука\";i:1;s:12:\"молоко\";i:2;s:8:\"яйце\";i:3;s:10:\"цукор\";i:4;s:8:\"сіль\";i:5;s:8:\"олія\";}','a:6:{i:0;s:3:\"420\";i:1;s:4:\"1040\";i:2;s:1:\"3\";i:3;s:2:\"25\";i:4;s:1:\"8\";i:5;s:2:\"55\";}','a:6:{i:0;s:3:\"415\";i:1;s:4:\"1000\";i:2;s:3:\"120\";i:3;s:2:\"25\";i:4;s:1:\"6\";i:5;s:2:\"20\";}','','Домашні страви'),('Тарілка Екстра',173.92,367,0,'a:7:{i:0;s:29:\"шпондер печений\";i:1;s:25:\"рулет курячий\";i:2;s:19:\"шия печена\";i:3;s:29:\"рулет горіховий\";i:4;s:12:\"оливки\";i:5;s:14:\"маслини\";i:6;s:12:\"зелень\";}','a:7:{i:0;s:3:\"100\";i:1;s:3:\"100\";i:2;s:3:\"100\";i:3;s:3:\"120\";i:4;s:1:\"5\";i:5;s:1:\"5\";i:6;s:1:\"3\";}','a:7:{i:0;s:2:\"85\";i:1;s:2:\"85\";i:2;s:2:\"85\";i:3;s:3:\"100\";i:4;s:1:\"5\";i:5;s:1:\"5\";i:6;s:1:\"2\";}','','Бенкетні страви'),('Тарілка Медобори',112.82,262,0,'a:6:{i:0;s:29:\"шпондер печений\";i:1;s:25:\"рулет курячий\";i:2;s:19:\"шия печена\";i:3;s:12:\"оливки\";i:4;s:14:\"маслини\";i:5;s:12:\"зелень\";}','a:6:{i:0;s:3:\"110\";i:1;s:3:\"100\";i:2;s:3:\"100\";i:3;s:1:\"5\";i:4;s:1:\"5\";i:5;s:1:\"3\";}','a:6:{i:0;s:3:\"100\";i:1;s:2:\"75\";i:2;s:2:\"75\";i:3;s:1:\"5\";i:4;s:1:\"5\";i:5;s:1:\"2\";}','','Бенкетні страви'),('Тарталетка з рафаело',15.07,68,0,'a:9:{i:0;s:20:\"тарталетки\";i:1;s:10:\"масло\";i:2;s:8:\"фета\";i:3;s:23:\"сир домашній\";i:4;s:14:\"майонез\";i:5;s:12:\"часник\";i:6;s:14:\"помідор\";i:7;s:12:\"зелень\";i:8;s:25:\"стружка кокос\";}','a:9:{i:0;s:1:\"1\";i:1;s:2:\"11\";i:2;s:2:\"22\";i:3;s:2:\"20\";i:4;s:1:\"6\";i:5;s:1:\"2\";i:6;s:2:\"15\";i:7;s:1:\"1\";i:8;s:1:\"6\";}','a:9:{i:0;s:1:\"1\";i:1;s:2:\"10\";i:2;s:2:\"20\";i:3;s:2:\"15\";i:4;s:1:\"5\";i:5;s:1:\"1\";i:6;s:2:\"10\";i:7;s:1:\"1\";i:8;s:1:\"5\";}','','Бенкетні страви'),('Тарталетка Люкс',11.34,42,1.71,'a:4:{i:0;s:10:\"масло\";i:1;s:8:\"фета\";i:2;s:23:\"помідор чері\";i:3;s:12:\"зелень\";}','a:4:{i:0;s:2:\"11\";i:1;s:2:\"11\";i:2;s:2:\"23\";i:3;s:1:\"3\";}','a:4:{i:0;s:2:\"10\";i:1;s:2:\"10\";i:2;s:2:\"20\";i:3;s:1:\"2\";}','','Бенкетні страви'),('Телятина тушкована',413.495,1164,-0.005,'a:11:{i:0;s:16:\"телятина\";i:1;s:12:\"цибуля\";i:2;s:8:\"олія\";i:3;s:8:\"сіль\";i:4;s:21:\"соус соєвий\";i:5;s:12:\"часник\";i:6;s:14:\"майонез\";i:7;s:12:\"спеції\";i:8;s:25:\"чорний перець\";i:9;s:8:\"сіль\";i:10;s:12:\"зелень\";}','a:11:{i:0;s:4:\"1250\";i:1;s:3:\"240\";i:2;s:2:\"55\";i:3;s:2:\"11\";i:4;s:2:\"22\";i:5;s:2:\"15\";i:6;s:2:\"55\";i:7;s:2:\"11\";i:8;s:1:\"5\";i:9;s:1:\"5\";i:10;s:2:\"10\";}','a:11:{i:0;s:3:\"900\";i:1;s:3:\"100\";i:2;s:2:\"50\";i:3;s:2:\"10\";i:4;s:2:\"20\";i:5;s:2:\"10\";i:6;s:2:\"50\";i:7;s:2:\"10\";i:8;s:1:\"4\";i:9;s:1:\"3\";i:10;s:1:\"7\";}','','Бенкетні страви'),('Тещин язик',47.11,150.5,0,'a:10:{i:0;s:37:\"печериці мариновані\";i:1;s:8:\"язик\";i:2;s:8:\"яйце\";i:3;s:6:\"сир\";i:4;s:27:\"цибуля червона\";i:5;s:14:\"майонез\";i:6;s:12:\"спеції\";i:7;s:12:\"зелень\";i:8;s:8:\"сіль\";i:9;s:12:\"салата\";}','a:10:{i:0;s:2:\"30\";i:1;s:2:\"64\";i:2;s:3:\"0.5\";i:3;s:2:\"35\";i:4;s:1:\"7\";i:5;s:2:\"33\";i:6;s:1:\"4\";i:7;s:1:\"3\";i:8;s:1:\"2\";i:9;s:1:\"7\";}','a:10:{i:0;s:2:\"30\";i:1;s:2:\"40\";i:2;s:3:\"0.5\";i:3;s:2:\"32\";i:4;s:1:\"5\";i:5;s:2:\"30\";i:6;s:1:\"2\";i:7;s:1:\"2\";i:8;s:1:\"2\";i:9;s:1:\"5\";}','','Салати'),('Торт печінковий',116.64,938,0,'a:8:{i:0;s:27:\"печінка індича\";i:1;s:8:\"яйце\";i:2;s:12:\"молоко\";i:3;s:8:\"олія\";i:4;s:12:\"спеції\";i:5;s:12:\"часник\";i:6;s:14:\"майонез\";i:7;s:8:\"мука\";}','a:8:{i:0;s:3:\"250\";i:1;s:3:\"2.5\";i:2;s:3:\"120\";i:3;s:2:\"76\";i:4;s:2:\"10\";i:5;s:2:\"70\";i:6;s:3:\"450\";i:7;s:3:\"150\";}','a:8:{i:0;s:3:\"170\";i:1;s:2:\"80\";i:2;s:2:\"85\";i:3;s:2:\"50\";i:4;s:1:\"8\";i:5;s:2:\"65\";i:6;s:3:\"400\";i:7;s:2:\"80\";}','','Бенкетні страви'),('Тортик баклажановий',71.23,270,0,'a:13:{i:0;s:16:\"баклажан\";i:1;s:14:\"помідор\";i:2;s:31:\"полядвиця свинна\";i:3;s:6:\"сир\";i:4;s:14:\"майонез\";i:5;s:27:\"горіх грецький\";i:6;s:12:\"часник\";i:7;s:21:\"соус соєвий\";i:8;s:25:\"чорний перець\";i:9;s:8:\"олія\";i:10;s:12:\"спеції\";i:11;s:8:\"сіль\";i:12;s:12:\"зелень\";}','a:13:{i:0;s:2:\"75\";i:1;s:2:\"60\";i:2;s:2:\"77\";i:3;s:2:\"22\";i:4;s:2:\"44\";i:5;s:2:\"18\";i:6;s:1:\"7\";i:7;s:1:\"6\";i:8;s:1:\"3\";i:9;s:2:\"22\";i:10;s:1:\"5\";i:11;s:1:\"3\";i:12;s:1:\"5\";}','a:13:{i:0;s:2:\"50\";i:1;s:2:\"50\";i:2;s:2:\"50\";i:3;s:2:\"20\";i:4;s:2:\"40\";i:5;s:2:\"16\";i:6;s:1:\"5\";i:7;s:1:\"5\";i:8;s:1:\"3\";i:9;s:2:\"20\";i:10;s:1:\"5\";i:11;s:1:\"3\";i:12;s:1:\"3\";}','','Бенкетні страви'),('Філе куряче тушковане з грибами',39.33,176,0,'a:9:{i:0;s:21:\"філе куряче\";i:1;s:16:\"печериці\";i:2;s:12:\"цибуля\";i:3;s:14:\"сметана\";i:4;s:8:\"олія\";i:5;s:25:\"чорний перець\";i:6;s:8:\"сіль\";i:7;s:12:\"зелень\";i:8;s:12:\"спеції\";}','a:9:{i:0;s:3:\"115\";i:1;s:2:\"60\";i:2;s:2:\"48\";i:3;s:2:\"35\";i:4;s:2:\"22\";i:5;s:1:\"2\";i:6;s:1:\"2\";i:7;s:1:\"5\";i:8;s:1:\"2\";}','a:9:{i:0;s:2:\"80\";i:1;s:2:\"30\";i:2;s:2:\"20\";i:3;s:2:\"30\";i:4;s:2:\"10\";i:5;s:1:\"1\";i:6;s:1:\"1\";i:7;s:1:\"3\";i:8;s:1:\"1\";}','','Страви з курки'),('Філе куряче тушковане з помідорами',41.73,180,0,'a:9:{i:0;s:21:\"філе куряче\";i:1;s:14:\"помідор\";i:2;s:12:\"цибуля\";i:3;s:14:\"сметана\";i:4;s:25:\"чорний перець\";i:5;s:12:\"спеції\";i:6;s:8:\"сіль\";i:7;s:12:\"зелень\";i:8;s:8:\"олія\";}','a:9:{i:0;s:3:\"115\";i:1;s:2:\"70\";i:2;s:2:\"48\";i:3;s:2:\"35\";i:4;s:1:\"2\";i:5;s:1:\"2\";i:6;s:1:\"2\";i:7;s:1:\"5\";i:8;s:2:\"22\";}','a:9:{i:0;s:2:\"80\";i:1;s:2:\"60\";i:2;s:2:\"20\";i:3;s:2:\"30\";i:4;s:1:\"1\";i:5;s:1:\"1\";i:6;s:1:\"1\";i:7;s:1:\"3\";i:8;s:2:\"10\";}','','Страви з курки'),('Філе курячез овочами',48.89,200,0,'a:12:{i:0;s:21:\"філе куряче\";i:1;s:35:\"перець болгарський\";i:2;s:12:\"цибуля\";i:3;s:14:\"сметана\";i:4;s:27:\"горошок консер\";i:5;s:12:\"часник\";i:6;s:8:\"олія\";i:7;s:12:\"зелень\";i:8;s:12:\"спеції\";i:9;s:8:\"сіль\";i:10;s:25:\"чорний перець\";i:11;s:12:\"морква\";}','a:12:{i:0;s:3:\"115\";i:1;s:2:\"56\";i:2;s:2:\"50\";i:3;s:2:\"35\";i:4;s:2:\"22\";i:5;s:1:\"3\";i:6;s:2:\"22\";i:7;s:1:\"5\";i:8;s:1:\"3\";i:9;s:1:\"2\";i:10;s:1:\"2\";i:11;s:2:\"50\";}','a:12:{i:0;s:2:\"80\";i:1;s:2:\"40\";i:2;s:2:\"25\";i:3;s:2:\"30\";i:4;s:2:\"20\";i:5;s:1:\"2\";i:6;s:2:\"15\";i:7;s:1:\"3\";i:8;s:1:\"2\";i:9;s:1:\"1\";i:10;s:1:\"1\";i:11;s:2:\"30\";}','','Страви з курки'),('Фарш картопляний',80,1170,16.59,'a:4:{i:0;s:16:\"картопля\";i:1;s:12:\"цибуля\";i:2;s:8:\"сіль\";i:3;s:8:\"олія\";}','a:4:{i:0;s:4:\"1300\";i:1;s:3:\"360\";i:2;s:2:\"11\";i:3;s:3:\"110\";}','a:4:{i:0;s:3:\"760\";i:1;s:3:\"300\";i:2;s:2:\"10\";i:3;s:3:\"100\";}','','null'),('Фарш на млинці та слойку',268.39,1000,0,'a:9:{i:0;s:27:\"лопатка свинна\";i:1;s:12:\"цибуля\";i:2;s:21:\"філе куряче\";i:3;s:8:\"олія\";i:4;s:10:\"масло\";i:5;s:12:\"часник\";i:6;s:25:\"чорний перець\";i:7;s:12:\"спеції\";i:8;s:8:\"сіль\";}','a:9:{i:0;s:3:\"350\";i:1;s:3:\"240\";i:2;s:3:\"720\";i:3;s:3:\"110\";i:4;s:3:\"110\";i:5;s:2:\"60\";i:6;s:2:\"11\";i:7;s:2:\"22\";i:8;s:2:\"11\";}','a:9:{i:0;s:3:\"300\";i:1;s:3:\"200\";i:2;s:3:\"600\";i:3;s:3:\"100\";i:4;s:3:\"100\";i:5;s:2:\"40\";i:6;s:2:\"10\";i:7;s:2:\"20\";i:8;s:2:\"10\";}','','Гарячі закуски'),('Фета в травах',43.3,161,0.15,'a:5:{i:0;s:8:\"фета\";i:1;s:14:\"маслини\";i:2;s:25:\"олія оливкова\";i:3;s:12:\"спеції\";i:4;s:12:\"зелень\";}','a:5:{i:0;s:3:\"110\";i:1;s:2:\"55\";i:2;s:1:\"6\";i:3;s:1:\"4\";i:4;s:1:\"5\";}','a:5:{i:0;s:3:\"100\";i:1;s:2:\"50\";i:2;s:1:\"5\";i:3;s:1:\"3\";i:4;s:1:\"3\";}','фету обваляти в сушених середземноморських травах,полити олією ол,прикрасити базиліком.','Бенкетні страви'),('Хек святковий',62.4,240.5,0,'a:11:{i:0;s:6:\"хек\";i:1;s:14:\"кабачок\";i:2;s:14:\"майонез\";i:3;s:8:\"яйце\";i:4;s:8:\"мука\";i:5;s:8:\"олія\";i:6;s:12:\"спеції\";i:7;s:23:\"помідор чері\";i:8;s:14:\"сметана\";i:9;s:12:\"цибуля\";i:10;s:10:\"масло\";}','a:11:{i:0;s:2:\"90\";i:1;s:2:\"70\";i:2;s:2:\"15\";i:3;s:3:\"0.5\";i:4;s:2:\"10\";i:5;s:2:\"30\";i:6;s:2:\"10\";i:7;s:2:\"15\";i:8;s:2:\"20\";i:9;s:2:\"70\";i:10;s:1:\"7\";}','a:11:{i:0;s:2:\"80\";i:1;s:2:\"50\";i:2;s:2:\"10\";i:3;s:3:\"0.5\";i:4;s:1:\"5\";i:5;s:2:\"15\";i:6;s:1:\"5\";i:7;s:2:\"15\";i:8;s:2:\"15\";i:9;s:2:\"40\";i:10;s:1:\"5\";}','хек обсмажується в яйці,потім закручується рулетиком і на тарілці подається вертикально.зверху декорується помідоркою чері.поливається соусом (цибуля тушиться з маслом,спеціями і сметаною,перебивається в блендері.)','Бенкетні страви'),('Хек смажений',44.87,100,0,'a:8:{i:0;s:6:\"хек\";i:1;s:8:\"яйце\";i:2;s:8:\"мука\";i:3;s:25:\"чорний перець\";i:4;s:10:\"лимон\";i:5;s:8:\"олія\";i:6;s:8:\"сіль\";i:7;s:12:\"зелень\";}','a:8:{i:0;s:3:\"110\";i:1;s:1:\"1\";i:2;s:2:\"11\";i:3;s:1:\"2\";i:4;s:2:\"10\";i:5;s:2:\"20\";i:6;s:1:\"2\";i:7;s:1:\"3\";}','a:8:{i:0;s:3:\"100\";i:1;s:2:\"20\";i:2;s:2:\"10\";i:3;s:1:\"1\";i:4;s:1:\"3\";i:5;s:2:\"10\";i:6;s:1:\"1\";i:7;s:1:\"2\";}','','Бенкетні страви,Страви з риби'),('Холодець 10т',543.64,1470,0,'a:11:{i:0;s:14:\"галяшка\";i:1;s:23:\"лапка куряча\";i:2;s:12:\"морква\";i:3;s:25:\"корінь селери\";i:4;s:29:\"перець духмяний\";i:5;s:25:\"лавровий лист\";i:6;s:14:\"желатин\";i:7;s:14:\"кухарик\";i:8;s:12:\"часник\";i:9;s:12:\"цибуля\";i:10;s:8:\"сіль\";}','a:11:{i:0;s:4:\"1400\";i:1;s:4:\"1750\";i:2;s:3:\"250\";i:3;s:2:\"28\";i:4;s:1:\"3\";i:5;s:1:\"3\";i:6;s:2:\"11\";i:7;s:2:\"22\";i:8;s:2:\"25\";i:9;s:3:\"120\";i:10;s:2:\"22\";}','a:11:{i:0;s:3:\"500\";i:1;s:3:\"700\";i:2;s:3:\"200\";i:3;s:1:\"0\";i:4;s:1:\"0\";i:5;s:1:\"0\";i:6;s:2:\"10\";i:7;s:2:\"20\";i:8;s:2:\"20\";i:9;s:1:\"0\";i:10;s:2:\"20\";}','','Бенкетні страви'),('Чіпси з лаваша',21,89.3,0,'a:6:{i:0;s:10:\"Лаваш\";i:1;s:8:\"Олія\";i:2;s:14:\"Сметана\";i:3;s:14:\"майонез\";i:4;s:12:\"Часник\";i:5;s:12:\"Зелень\";}','a:6:{i:0;s:4:\"0.33\";i:1;s:2:\"70\";i:2;s:2:\"50\";i:3;s:2:\"20\";i:4;s:2:\"10\";i:5;s:1:\"5\";}','a:6:{i:0;s:3:\"0.3\";i:1;s:2:\"20\";i:2;s:2:\"45\";i:3;s:2:\"15\";i:4;s:1:\"5\";i:5;s:1:\"4\";}','','Закуски до пива'),('Чанахи',43.38,261,0,'a:12:{i:0;s:27:\"лопатка свинна\";i:1;s:16:\"картопля\";i:2;s:12:\"фасоля\";i:3;s:12:\"цибуля\";i:4;s:12:\"часник\";i:5;s:14:\"паприка\";i:6;s:25:\"томатна паста\";i:7;s:8:\"олія\";i:8;s:8:\"сіль\";i:9;s:12:\"спеції\";i:10;s:25:\"чорний перець\";i:11;s:12:\"зелень\";}','a:12:{i:0;s:3:\"120\";i:1;s:3:\"125\";i:2;s:2:\"26\";i:3;s:2:\"72\";i:4;s:1:\"7\";i:5;s:1:\"2\";i:6;s:2:\"15\";i:7;s:2:\"11\";i:8;s:1:\"2\";i:9;s:1:\"5\";i:10;s:1:\"2\";i:11;s:1:\"3\";}','a:12:{i:0;s:2:\"75\";i:1;s:2:\"80\";i:2;s:2:\"40\";i:3;s:2:\"30\";i:4;s:1:\"5\";i:5;s:1:\"1\";i:6;s:2:\"13\";i:7;s:2:\"10\";i:8;s:1:\"1\";i:9;s:1:\"3\";i:10;s:1:\"1\";i:11;s:1:\"2\";}','','Домашні страви'),('Чудо глечик',62.91,350,0,'a:13:{i:0;s:27:\"лопатка свинна\";i:1;s:16:\"картопля\";i:2;s:32:\"заготовка на чудо\";i:3;s:35:\"перець болгарський\";i:4;s:14:\"помідор\";i:5;s:12:\"цибуля\";i:6;s:12:\"часник\";i:7;s:25:\"томатна паста\";i:8;s:8:\"олія\";i:9;s:6:\"сир\";i:10;s:25:\"чорний перець\";i:11;s:12:\"спеції\";i:12;s:12:\"зелень\";}','a:13:{i:0;s:3:\"110\";i:1;s:3:\"150\";i:2;s:1:\"1\";i:3;s:2:\"50\";i:4;s:2:\"75\";i:5;s:2:\"48\";i:6;s:1:\"4\";i:7;s:2:\"11\";i:8;s:2:\"33\";i:9;s:2:\"22\";i:10;s:1:\"2\";i:11;s:1:\"3\";i:12;s:1:\"3\";}','a:13:{i:0;s:2:\"70\";i:1;s:2:\"90\";i:2;s:1:\"1\";i:3;s:2:\"30\";i:4;s:2:\"40\";i:5;s:2:\"20\";i:6;s:1:\"2\";i:7;s:2:\"10\";i:8;s:2:\"25\";i:9;s:2:\"20\";i:10;s:1:\"1\";i:11;s:1:\"2\";i:12;s:1:\"2\";}','','Страви з свинини'),('Шашлик',514.875,1887,0,'a:10:{i:0;s:6:\"шия\";i:1;s:12:\"цибуля\";i:2;s:8:\"сіль\";i:3;s:25:\"чорний перець\";i:4;s:12:\"спеції\";i:5;s:14:\"майонез\";i:6;s:10:\"цукор\";i:7;s:14:\"гірчиця\";i:8;s:18:\"мінералка\";i:9;s:8:\"олія\";}','a:10:{i:0;s:4:\"1400\";i:1;s:3:\"500\";i:2;s:2:\"60\";i:3;s:2:\"10\";i:4;s:2:\"20\";i:5;s:3:\"200\";i:6;s:2:\"25\";i:7;s:3:\"100\";i:8;s:3:\"150\";i:9;s:3:\"200\";}','a:10:{i:0;s:4:\"1000\";i:1;s:3:\"300\";i:2;s:2:\"20\";i:3;s:1:\"7\";i:4;s:2:\"10\";i:5;s:3:\"150\";i:6;s:2:\"20\";i:7;s:2:\"80\";i:8;s:3:\"100\";i:9;s:3:\"200\";}','','Бенкетні страви'),('Шашличок курячий',34.89,169,0,'a:7:{i:0;s:21:\"філе куряче\";i:1;s:12:\"цибуля\";i:2;s:8:\"олія\";i:3;s:12:\"спеції\";i:4;s:21:\"соус соєвий\";i:5;s:14:\"майонез\";i:6;s:12:\"зелень\";}','a:7:{i:0;s:3:\"140\";i:1;s:2:\"36\";i:2;s:2:\"22\";i:3;s:1:\"6\";i:4;s:1:\"6\";i:5;s:2:\"11\";i:6;s:1:\"3\";}','a:7:{i:0;s:3:\"100\";i:1;s:2:\"30\";i:2;s:2:\"20\";i:3;s:1:\"5\";i:4;s:1:\"5\";i:5;s:1:\"7\";i:6;s:1:\"2\";}','','Бенкетні страви'),('Шашличок курячий з ананасом',40.75,171,0,'a:8:{i:0;s:21:\"філе куряче\";i:1;s:21:\"ананас конс\";i:2;s:12:\"цибуля\";i:3;s:21:\"соус соєвий\";i:4;s:12:\"спеції\";i:5;s:8:\"олія\";i:6;s:14:\"майонез\";i:7;s:25:\"чорний перець\";}','a:8:{i:0;s:3:\"130\";i:1;s:2:\"33\";i:2;s:2:\"36\";i:3;s:1:\"6\";i:4;s:1:\"6\";i:5;s:2:\"22\";i:6;s:2:\"11\";i:7;s:1:\"2\";}','a:8:{i:0;s:2:\"70\";i:1;s:2:\"30\";i:2;s:2:\"30\";i:3;s:1:\"5\";i:4;s:1:\"5\";i:5;s:2:\"20\";i:6;s:2:\"10\";i:7;s:1:\"1\";}','','Бенкетні страви'),('Шашличок курячий з шпондером',48.71,182,0.05,'a:10:{i:0;s:21:\"філе куряче\";i:1;s:31:\"шпондер копчений\";i:2;s:35:\"перець болгарський\";i:3;s:12:\"цибуля\";i:4;s:21:\"соус соєвий\";i:5;s:8:\"олія\";i:6;s:14:\"майонез\";i:7;s:12:\"спеції\";i:8;s:25:\"чорний перець\";i:9;s:8:\"сіль\";}','a:10:{i:0;s:3:\"130\";i:1;s:2:\"33\";i:2;s:2:\"31\";i:3;s:2:\"36\";i:4;s:1:\"6\";i:5;s:2:\"22\";i:6;s:2:\"11\";i:7;s:1:\"6\";i:8;s:1:\"2\";i:9;s:1:\"2\";}','a:10:{i:0;s:2:\"70\";i:1;s:2:\"20\";i:2;s:2:\"20\";i:3;s:2:\"30\";i:4;s:1:\"5\";i:5;s:2:\"20\";i:6;s:2:\"10\";i:7;s:1:\"5\";i:8;s:1:\"1\";i:9;s:1:\"1\";}','','Бенкетні страви'),('Шашличок овочевий',38.93,173,0,'a:11:{i:0;s:16:\"баклажан\";i:1;s:14:\"кабачок\";i:2;s:35:\"перець болгарський\";i:3;s:14:\"помідор\";i:4;s:12:\"цибуля\";i:5;s:16:\"печериці\";i:6;s:8:\"олія\";i:7;s:21:\"соус соєвий\";i:8;s:12:\"спеції\";i:9;s:25:\"чорний перець\";i:10;s:12:\"зелень\";}','a:11:{i:0;s:2:\"42\";i:1;s:2:\"52\";i:2;s:2:\"25\";i:3;s:2:\"37\";i:4;s:2:\"24\";i:5;s:2:\"25\";i:6;s:2:\"33\";i:7;s:1:\"6\";i:8;s:1:\"6\";i:9;s:1:\"2\";i:10;s:1:\"3\";}','a:11:{i:0;s:2:\"30\";i:1;s:2:\"30\";i:2;s:2:\"20\";i:3;s:2:\"20\";i:4;s:2:\"10\";i:5;s:2:\"20\";i:6;s:2:\"30\";i:7;s:1:\"5\";i:8;s:1:\"5\";i:9;s:1:\"1\";i:10;s:1:\"2\";}','','Бенкетні страви'),('Шия з грибами',54.75,100,0,'a:8:{i:0;s:6:\"шия\";i:1;s:16:\"печериці\";i:2;s:12:\"цибуля\";i:3;s:14:\"сметана\";i:4;s:8:\"сіль\";i:5;s:12:\"спеції\";i:6;s:25:\"чорний перець\";i:7;s:12:\"зелень\";}','a:8:{i:0;s:3:\"130\";i:1;s:2:\"60\";i:2;s:2:\"48\";i:3;s:2:\"33\";i:4;s:1:\"2\";i:5;s:1:\"2\";i:6;s:1:\"2\";i:7;s:1:\"3\";}','a:8:{i:0;s:2:\"80\";i:1;s:2:\"30\";i:2;s:2:\"20\";i:3;s:2:\"30\";i:4;s:1:\"1\";i:5;s:1:\"1\";i:6;s:1:\"1\";i:7;s:1:\"2\";}','','Страви з свинини'),('Шия запечена',468.9,1188,0,'a:11:{i:0;s:6:\"шия\";i:1;s:8:\"сіль\";i:2;s:12:\"спеції\";i:3;s:25:\"чорний перець\";i:4;s:29:\"перець духмяний\";i:5;s:25:\"лавровий лист\";i:6;s:14:\"гірчиця\";i:7;s:25:\"гірчиця франц\";i:8;s:21:\"соус соєвий\";i:9;s:8:\"олія\";i:10;s:12:\"часник\";}','a:11:{i:0;s:4:\"1400\";i:1;s:2:\"11\";i:2;s:2:\"22\";i:3;s:2:\"11\";i:4;s:1:\"5\";i:5;s:1:\"3\";i:6;s:1:\"6\";i:7;s:2:\"22\";i:8;s:2:\"33\";i:9;s:2:\"55\";i:10;s:2:\"60\";}','a:11:{i:0;s:4:\"1000\";i:1;s:2:\"10\";i:2;s:2:\"20\";i:3;s:2:\"10\";i:4;s:1:\"5\";i:5;s:1:\"3\";i:6;s:1:\"5\";i:7;s:2:\"20\";i:8;s:2:\"30\";i:9;s:2:\"40\";i:10;s:2:\"45\";}','','Бенкетні страви'),('Шия під соусом Мак-Роуд',53.3,100,0,'a:10:{i:0;s:6:\"шия\";i:1;s:35:\"перець болгарський\";i:2;s:17:\"соус чилі\";i:3;s:25:\"гірчиця франц\";i:4;s:12:\"кетчуп\";i:5;s:12:\"часник\";i:6;s:8:\"сіль\";i:7;s:25:\"чорний перець\";i:8;s:12:\"спеції\";i:9;s:12:\"зелень\";}','a:10:{i:0;s:3:\"130\";i:1;s:2:\"39\";i:2;s:2:\"11\";i:3;s:1:\"6\";i:4;s:2:\"21\";i:5;s:1:\"3\";i:6;s:1:\"2\";i:7;s:1:\"2\";i:8;s:1:\"2\";i:9;s:1:\"3\";}','a:10:{i:0;s:2:\"80\";i:1;s:2:\"30\";i:2;s:2:\"10\";i:3;s:1:\"5\";i:4;s:2:\"20\";i:5;s:1:\"2\";i:6;s:1:\"1\";i:7;s:1:\"1\";i:8;s:1:\"1\";i:9;s:1:\"2\";}','','Страви з свинини'),('Шия фарширована',525.56,1240,0,'a:12:{i:0;s:6:\"шия\";i:1;s:16:\"печериці\";i:2;s:35:\"перець болгарський\";i:3;s:6:\"сир\";i:4;s:8:\"олія\";i:5;s:14:\"майонез\";i:6;s:21:\"соус соєвий\";i:7;s:12:\"часник\";i:8;s:12:\"спеції\";i:9;s:25:\"чорний перець\";i:10;s:14:\"желатин\";i:11;s:8:\"яйце\";}','a:12:{i:0;s:4:\"1400\";i:1;s:3:\"200\";i:2;s:2:\"75\";i:3;s:3:\"150\";i:4;s:2:\"33\";i:5;s:2:\"55\";i:6;s:2:\"22\";i:7;s:2:\"15\";i:8;s:2:\"11\";i:9;s:1:\"6\";i:10;s:1:\"6\";i:11;s:1:\"1\";}','a:12:{i:0;s:3:\"800\";i:1;s:3:\"100\";i:2;s:2:\"60\";i:3;s:3:\"110\";i:4;s:2:\"30\";i:5;s:2:\"50\";i:6;s:2:\"20\";i:7;s:2:\"10\";i:8;s:2:\"10\";i:9;s:1:\"5\";i:10;s:1:\"5\";i:11;s:2:\"40\";}','','Бенкетні страви'),('Шматочки курки в кунжуті',53,200,0.095,'a:8:{i:0;s:21:\"філе куряче\";i:1;s:8:\"олія\";i:2;s:12:\"кунжут\";i:3;s:21:\"соус соєвий\";i:4;s:25:\"чорний перець\";i:5;s:12:\"спеції\";i:6;s:8:\"сіль\";i:7;s:12:\"зелень\";}','a:8:{i:0;s:3:\"230\";i:1;s:2:\"50\";i:2;s:2:\"11\";i:3;s:2:\"11\";i:4;s:1:\"2\";i:5;s:1:\"2\";i:6;s:1:\"2\";i:7;s:1:\"3\";}','a:8:{i:0;s:3:\"190\";i:1;s:2:\"10\";i:2;s:2:\"10\";i:3;s:2:\"10\";i:4;s:1:\"1\";i:5;s:1:\"1\";i:6;s:1:\"1\";i:7;s:1:\"2\";}','','Гарячі закуски'),('Шпондер запечений',226.21,1083,0,'a:9:{i:0;s:14:\"шпондер\";i:1;s:8:\"сіль\";i:2;s:21:\"соус соєвий\";i:3;s:14:\"гірчиця\";i:4;s:12:\"часник\";i:5;s:25:\"лавровий лист\";i:6;s:29:\"перець духмяний\";i:7;s:25:\"чорний перець\";i:8;s:12:\"спеції\";}','a:9:{i:0;s:4:\"1500\";i:1;s:2:\"11\";i:2;s:2:\"11\";i:3;s:1:\"6\";i:4;s:2:\"64\";i:5;s:1:\"3\";i:6;s:1:\"5\";i:7;s:1:\"6\";i:8;s:2:\"15\";}','a:9:{i:0;s:4:\"1000\";i:1;s:2:\"10\";i:2;s:2:\"10\";i:3;s:1:\"5\";i:4;s:2:\"45\";i:5;s:1:\"0\";i:6;s:1:\"0\";i:7;s:1:\"5\";i:8;s:1:\"8\";}','','Бенкетні страви'),('Що в глечику',54.55,350,0,'a:12:{i:0;s:27:\"лопатка свинна\";i:1;s:12:\"цибуля\";i:2;s:12:\"часник\";i:3;s:6:\"сир\";i:4;s:16:\"картопля\";i:5;s:8:\"олія\";i:6;s:16:\"печериці\";i:7;s:14:\"сметана\";i:8;s:25:\"чорний перець\";i:9;s:12:\"спеції\";i:10;s:8:\"сіль\";i:11;s:12:\"зелень\";}','a:12:{i:0;s:3:\"110\";i:1;s:2:\"48\";i:2;s:1:\"4\";i:3;s:2:\"22\";i:4;s:3:\"150\";i:5;s:2:\"33\";i:6;s:2:\"70\";i:7;s:2:\"44\";i:8;s:1:\"2\";i:9;s:1:\"3\";i:10;s:1:\"2\";i:11;s:1:\"3\";}','a:12:{i:0;s:2:\"70\";i:1;s:2:\"20\";i:2;s:1:\"2\";i:3;s:2:\"20\";i:4;s:3:\"110\";i:5;s:2:\"30\";i:6;s:2:\"40\";i:7;s:2:\"40\";i:8;s:1:\"1\";i:9;s:1:\"2\";i:10;s:1:\"1\";i:11;s:1:\"2\";}','','Страви з свинини'),('Яєшня зі шпондером',24.43,123,0.31,'a:5:{i:0;s:8:\"яйце\";i:1;s:31:\"шпондер копчений\";i:2;s:8:\"олія\";i:3;s:8:\"сіль\";i:4;s:12:\"зелень\";}','a:5:{i:0;s:1:\"2\";i:1;s:2:\"35\";i:2;s:2:\"11\";i:3;s:1:\"2\";i:4;s:1:\"3\";}','a:5:{i:0;s:2:\"80\";i:1;s:2:\"30\";i:2;s:2:\"10\";i:3;s:1:\"1\";i:4;s:1:\"2\";}','','Домашні страви'),('Язик з грибами',49.48,150,0,'a:9:{i:0;s:8:\"язик\";i:1;s:16:\"печериці\";i:2;s:12:\"цибуля\";i:3;s:14:\"сметана\";i:4;s:8:\"олія\";i:5;s:8:\"сіль\";i:6;s:12:\"спеції\";i:7;s:25:\"чорний перець\";i:8;s:12:\"зелень\";}','a:9:{i:0;s:3:\"100\";i:1;s:3:\"100\";i:2;s:2:\"48\";i:3;s:2:\"44\";i:4;s:2:\"22\";i:5;s:1:\"2\";i:6;s:1:\"2\";i:7;s:1:\"1\";i:8;s:1:\"3\";}','a:9:{i:0;s:2:\"60\";i:1;s:2:\"50\";i:2;s:2:\"20\";i:3;s:2:\"40\";i:4;s:2:\"15\";i:5;s:1:\"1\";i:6;s:1:\"1\";i:7;s:1:\"1\";i:8;s:1:\"2\";}','','Гарячі закуски'),('Язик з хроном',39.89,144,0,'a:7:{i:0;s:8:\"язик\";i:1;s:8:\"хрін\";i:2;s:8:\"яйце\";i:3;s:14:\"майонез\";i:4;s:25:\"чорний перець\";i:5;s:8:\"сіль\";i:6;s:12:\"зелень\";}','a:7:{i:0;s:3:\"100\";i:1;s:2:\"35\";i:2;s:3:\"0.5\";i:3;s:2:\"45\";i:4;s:1:\"2\";i:5;s:1:\"2\";i:6;s:1:\"3\";}','a:7:{i:0;s:2:\"50\";i:1;s:2:\"30\";i:2;s:2:\"20\";i:3;s:2:\"40\";i:4;s:1:\"1\";i:5;s:1:\"1\";i:6;s:1:\"2\";}','','Бенкетні страви'),('Язик фарширований',48.34,146,0,'a:8:{i:0;s:8:\"язик\";i:1;s:27:\"горіх грецький\";i:2;s:14:\"майонез\";i:3;s:12:\"часник\";i:4;s:25:\"чорний перець\";i:5;s:8:\"сіль\";i:6;s:12:\"зелень\";i:7;s:16:\"виноград\";}','a:8:{i:0;s:3:\"100\";i:1;s:2:\"22\";i:2;s:2:\"40\";i:3;s:1:\"3\";i:4;s:1:\"2\";i:5;s:1:\"2\";i:6;s:1:\"3\";i:7;s:2:\"40\";}','a:8:{i:0;s:2:\"50\";i:1;s:2:\"20\";i:2;s:2:\"35\";i:3;s:1:\"2\";i:4;s:1:\"1\";i:5;s:1:\"1\";i:6;s:1:\"2\";i:7;s:2:\"35\";}','','Бенкетні страви'),('Язикаті перці',44.05,180,0,'a:12:{i:0;s:8:\"язик\";i:1;s:14:\"помідор\";i:2;s:35:\"перець болгарський\";i:3;s:33:\"кукурудза консерв\";i:4;s:21:\"соус соєвий\";i:5;s:25:\"олія оливкова\";i:6;s:8:\"олія\";i:7;s:27:\"цибуля червона\";i:8;s:25:\"гірчиця франц\";i:9;s:25:\"чорний перець\";i:10;s:8:\"сіль\";i:11;s:12:\"зелень\";}','a:12:{i:0;s:2:\"67\";i:1;s:2:\"36\";i:2;s:2:\"52\";i:3;s:2:\"33\";i:4;s:1:\"6\";i:5;s:2:\"11\";i:6;s:2:\"11\";i:7;s:2:\"13\";i:8;s:1:\"6\";i:9;s:1:\"2\";i:10;s:1:\"2\";i:11;s:1:\"3\";}','a:12:{i:0;s:2:\"40\";i:1;s:2:\"30\";i:2;s:2:\"40\";i:3;s:2:\"30\";i:4;s:1:\"5\";i:5;s:2:\"10\";i:6;s:2:\"10\";i:7;s:2:\"10\";i:8;s:1:\"5\";i:9;s:1:\"1\";i:10;s:1:\"1\";i:11;s:1:\"2\";}','','Салати'),('Язички з кабачків',55.86,235,0,'a:12:{i:0;s:14:\"кабачок\";i:1;s:14:\"помідор\";i:2;s:8:\"олія\";i:3;s:8:\"яйце\";i:4;s:8:\"мука\";i:5;s:8:\"фета\";i:6;s:14:\"майонез\";i:7;s:12:\"часник\";i:8;s:12:\"спеції\";i:9;s:12:\"зелень\";i:10;s:12:\"салата\";i:11;s:23:\"сир домашній\";}','a:12:{i:0;s:3:\"130\";i:1;s:2:\"45\";i:2;s:2:\"11\";i:3;s:1:\"1\";i:4;s:2:\"11\";i:5;s:2:\"45\";i:6;s:2:\"22\";i:7;s:2:\"10\";i:8;s:1:\"3\";i:9;s:1:\"3\";i:10;s:1:\"3\";i:11;s:2:\"20\";}','a:12:{i:0;s:2:\"60\";i:1;s:2:\"40\";i:2;s:1:\"5\";i:3;s:2:\"40\";i:4;s:2:\"10\";i:5;s:2:\"40\";i:6;s:2:\"15\";i:7;s:1:\"5\";i:8;s:1:\"1\";i:9;s:1:\"2\";i:10;s:1:\"2\";i:11;s:2:\"15\";}','','Бенкетні страви');
/*!40000 ALTER TABLE `dish` ENABLE KEYS */;
UNLOCK TABLES;

--
-- Table structure for table `ingredients`
--

DROP TABLE IF EXISTS `ingredients`;
/*!40101 SET @saved_cs_client     = @@character_set_client */;
/*!40101 SET character_set_client = utf8 */;
CREATE TABLE `ingredients` (
  `Name` varchar(50) NOT NULL,
  `Price` float NOT NULL,
  `Pack` float NOT NULL,
  `Unit` varchar(5) NOT NULL,
  `BarPrice` float NOT NULL,
  PRIMARY KEY (`Name`)
) ENGINE=InnoDB DEFAULT CHARSET=utf8;
/*!40101 SET character_set_client = @saved_cs_client */;

--
-- Dumping data for table `ingredients`
--

LOCK TABLES `ingredients` WRITE;
/*!40000 ALTER TABLE `ingredients` DISABLE KEYS */;
INSERT INTO `ingredients` VALUES ('ікра',500,1,'кг',1230),('ананас конс',100,1,'кг',220),('баклажан',90,1,'кг',180),('банан',35,1,'кг',80),('банош',28,1,'шт',39),('батон',1.5,1,'шт',1.5),('бедро куряче',50,1,'кг',150),('Бородинський',15,1,'кг',33),('бринза',90,1,'кг',220),('буряк',6,1,'кг',30),('вершки',70,1,'кг',220),('виноград',50,1,'кг',150),('вирізка свинна',140,1,'кг',350),('гірчиця',70,1,'кг',150),('гірчиця франц',70,1,'кг',150),('галяшка',50,1,'кг',200),('гомілка куряча',50,1,'кг',120),('горіх грецький',150,1,'кг',400),('горошок',45,1,'кг',100),('горошок консер',45,1,'кг',100),('гречка',35,1,'кг',70),('гриби сушені',500,1,'кг',2000),('желатин',360,1,'кг',720),('заготовка на піцу',6,1,'шт',12),('заготовка на чудо',2,1,'шт',2),('заправка до вареників',50,1,'кг',70),('зелень',150,1,'кг',320),('кабачок',20,1,'кг',180),('капуста',10,1,'кг',40),('капуста квашена',25,1,'кг',80),('капуста пекінська',30,1,'кг',80),('капуста цвітна',30,1,'кг',80),('картопля',6,1,'кг',30),('каша кукурудзяна',20,1,'кг',70),('квасолька',35,1,'кг',100),('кетчуп',30,1,'кг',70),('ковбаса дрогобицька',115,1,'кг',300),('ковбаса молочна',100,1,'кг',200),('корінь петрушки',35,1,'кг',100),('корінь селери',35,1,'кг',100),('корзинка',2,1,'шт',4),('корнішони',85,1,'кг',200),('короп',60,1,'кг',130),('Косичка',100,1,'кг',200),('крабові палички',80,1,'кг',180),('крило куряче',40,1,'кг',90),('крохмаль',25,1,'кг',100),('кукурудза консерв',55,1,'кг',120),('кунжут',90,1,'кг',195),('кунжут чорний',200,1,'кг',400),('курка',50,1,'кг',130),('курячий набір',25,1,'кг',100),('курячий набір на бульйон',35,1,'кг',100),('кухарик',70,1,'кг',150),('Лаваш',10,1,'шт',20),('лавровий лист',130,1,'кг',250),('лапка куряча',50,1,'кг',130),('лимон',45,1,'кг',140),('лопатка свинна',90,1,'кг',200),('мінералка',12,1,'кг',24),('майонез',30,1,'кг',90),('макарон на бульйон',30,1,'кг',80),('макарон на комплекс',20,1,'кг',40),('маслини',115,1,'кг',250),('масло',55,1,'кг',150),('мед',100,1,'кг',300),('молоко',15,1,'кг',40),('морква',10,1,'кг',40),('морозиво',55,1,'кг',150),('моцарела',130,1,'кг',280),('мука',10,1,'кг',30),('мята',400,1,'кг',400),('нирки',22,1,'кг',80),('обрізки',50,1,'кг',150),('огірок',35,1,'кг',120),('огірок квашений',60,1,'кг',170),('олія',30,1,'кг',90),('олія оливкова',100,1,'кг',200),('оливки',115,1,'кг',250),('оселедець',100,1,'кг',220),('оцет 9%',10,1,'кг',40),('паприка',230,1,'кг',460),('пармезан',260,1,'кг',520),('перець болгарський',90,1,'кг',180),('перець духмяний',175,1,'кг',450),('печінка індича',40,1,'кг',100),('печінка куряча',50,1,'кг',120),('печериці',35,1,'кг',100),('печериці мариновані',130,1,'кг',300),('поливка на морозиво',75,1,'кг',200),('полядвиця свинна',125,1,'кг',300),('помідор',55,1,'кг',120),('помідор чері',55,1,'кг',200),('порей',25,1,'кг',70),('рис',35,1,'кг',70),('родзинки',70,1,'кг',150),('рубці',50,1,'кг',130),('рулет горіховий',374,1,'кг',528),('рулет курячий',311,1,'кг',375),('сік лимона',150,1,'кг',300),('сіль',5,1,'кг',10),('салата',120,1,'кг',300),('сало',22,1,'кг',70),('сало з спеціями',75,1,'кг',170),('салямі',125,1,'кг',300),('серце теляче',50,1,'кг',100),('сир',125,1,'кг',250),('сир горіховий',165,1,'кг',330),('сир домашній',55,1,'кг',110),('сир королівський',150,1,'кг',350),('сир лазур',215,1,'кг',420),('сир сулугуні',108,1,'кг',230),('сирок плавлений',80,1,'кг',200),('сметана',50,1,'кг',130),('сметана домашня',70,1,'кг',220),('сосиски баварські',120,1,'кг',280),('соус соєвий',55,1,'кг',120),('соус цезар 1п',8,1,'шт',8),('соус чилі',30,1,'кг',70),('спеції',300,1,'кг',600),('стегно курки',55,1,'кг',130),('стегно куряче',55,1,'кг',130),('стружка кокос',120,1,'кг',220),('сухарі панірувальні',40,1,'кг',40),('сухарики',40,1,'кг',40),('сушка',35,1,'кг',100),('тісто листкове',50,1,'кг',130),('тісто на вареники',60,1,'кг',60),('тісто на млинці',60,1,'кг',78),('тарталетки',1,1,'шт',2),('телятина',130,1,'кг',300),('томатна паста',90,1,'кг',100),('філе куряче',80,1,'кг',180),('філе риби',65,1,'кг',150),('фарш',70,1,'кг',190),('фарш картопляний',30,1,'кг',80),('фарш на млинці і слойку',270,1,'кг',270),('фасоля',50,1,'кг',100),('фета',100,1,'кг',220),('хек',100,1,'кг',300),('Хліб бородинський',15,1,'кг',33),('хліб чорний',1,1,'шт',1.5),('хрін',45,1,'кг',100),('цибуля',8,1,'кг',40),('цибуля червона',40,1,'кг',90),('цукор',15,1,'кг',35),('чіпси',150,1,'кг',300),('часник',100,1,'кг',200),('чорний перець',340,1,'кг',680),('чорнослив',100,1,'кг',300),('шинка',160,1,'кг',350),('шия',135,1,'кг',300),('шия печена',424,1,'кг',470),('шия фарширована',480,1,'кг',530),('шоколад',100,1,'кг',200),('шпондер',55,1,'кг',130),('шпондер копчений',115,1,'кг',290),('шпондер печений',195,1,'кг',226),('щавель',20,1,'кг',50),('яблуко',15,1,'кг',50),('ягоди',35,1,'кг',100),('язик',100,1,'кг',270),('яйце',30,1,'шт',6),('яйце перепелине',1,1,'шт',3);
/*!40000 ALTER TABLE `ingredients` ENABLE KEYS */;
UNLOCK TABLES;

--
-- Table structure for table `tags`
--

DROP TABLE IF EXISTS `tags`;
/*!40101 SET @saved_cs_client     = @@character_set_client */;
/*!40101 SET character_set_client = utf8 */;
CREATE TABLE `tags` (
  `Name` varchar(50) CHARACTER SET utf8 NOT NULL,
  PRIMARY KEY (`Name`),
  UNIQUE KEY `Name` (`Name`)
) ENGINE=InnoDB DEFAULT CHARSET=utf8 COLLATE=utf8_unicode_ci;
/*!40101 SET character_set_client = @saved_cs_client */;

--
-- Dumping data for table `tags`
--

LOCK TABLES `tags` WRITE;
/*!40000 ALTER TABLE `tags` DISABLE KEYS */;
INSERT INTO `tags` VALUES ('Бенкетні страви'),('Гарніри'),('Гарячі закуски'),('Десерти'),('Домашні страви'),('Закуски до пива'),('Комплексні страви'),('Основні страви'),('Перші страви'),('Салати'),('Страви з курки'),('Страви з риби'),('Страви з свинини'),('Страви з телятини'),('Холодні закуски');
/*!40000 ALTER TABLE `tags` ENABLE KEYS */;
UNLOCK TABLES;
/*!40103 SET TIME_ZONE=@OLD_TIME_ZONE */;

/*!40101 SET SQL_MODE=@OLD_SQL_MODE */;
/*!40014 SET FOREIGN_KEY_CHECKS=@OLD_FOREIGN_KEY_CHECKS */;
/*!40014 SET UNIQUE_CHECKS=@OLD_UNIQUE_CHECKS */;
/*!40101 SET CHARACTER_SET_CLIENT=@OLD_CHARACTER_SET_CLIENT */;
/*!40101 SET CHARACTER_SET_RESULTS=@OLD_CHARACTER_SET_RESULTS */;
/*!40101 SET COLLATION_CONNECTION=@OLD_COLLATION_CONNECTION */;
/*!40111 SET SQL_NOTES=@OLD_SQL_NOTES */;

-- Dump completed on 2018-06-08 20:05:24
